{
  "Atex 740": [
    {
      "Altura \ndo \nMolde": "",
      "Espessura \nda Lâmina": "",
      "Altura \nTotal": "",
      "Largura da Nervura": "Inferior",
      "col5": "Superior",
      "col6": "Média",
      "Área da \nSeção": "",
      "Distância do C. G à": "Face \nSuperior",
      "col9": "Face \nInferior",
      "Inércia": "Inércia por \nNervura",
      "col11": "Altura \nEquivalente",
      "Volume do Vazio": "",
      "col13": "",
      "Peso \nPróprio": "",
      "Volume\nde \nConcreto": ""
    },
    {
      "Altura \ndo \nMolde": "cm",
      "Espessura \nda Lâmina": "cm",
      "Altura \nTotal": "cm",
      "Largura da Nervura": "cm",
      "col5": "cm",
      "col6": "cm",
      "Área da \nSeção": "cm²",
      "Distância do C. G à": "cm",
      "col9": "cm",
      "Inércia": "cm4",
      "col11": "cm",
      "Volume do Vazio": "m³",
      "col13": "m³/m²",
      "Peso \nPróprio": "KN/m²",
      "Volume\nde \nConcreto": "m³/m²"
    },
    {
      "Altura \ndo \nMolde": "18,0",
      "Espessura \nda Lâmina": "5,0",
      "Altura \nTotal": "23,0",
      "Largura da Nervura": "16,0",
      "col5": "18,4",
      "col6": "17,2",
      "Área da \nSeção": "680",
      "Distância do C. G à": "7,6",
      "col9": "15,4",
      "Inércia": "30604",
      "col11": "17,1",
      "Volume do Vazio": "0,058",
      "col13": "0,106",
      "Peso \nPróprio": "3,10",
      "Volume\nde \nConcreto": "0,124"
    },
    {
      "Altura \ndo \nMolde": "",
      "Espessura \nda Lâmina": "7,5",
      "Altura \nTotal": "25,5",
      "Largura da Nervura": "",
      "col5": "",
      "col6": "",
      "Área da \nSeção": "865",
      "Distância do C. G à": "8,2",
      "col9": "17,3",
      "Inércia": "42202",
      "col11": "19,0",
      "Volume do Vazio": "",
      "col13": "",
      "Peso \nPróprio": "3,73",
      "Volume\nde \nConcreto": "0,149"
    },
    {
      "Altura \ndo \nMolde": "",
      "Espessura \nda Lâmina": "10,0",
      "Altura \nTotal": "28,0",
      "Largura da Nervura": "",
      "col5": "",
      "col6": "",
      "Área da \nSeção": "1050",
      "Distância do C. G à": "9,1",
      "col9": "18,9",
      "Inércia": "56025",
      "col11": "20,9",
      "Volume do Vazio": "",
      "col13": "",
      "Peso \nPróprio": "4,35",
      "Volume\nde \nConcreto": "0,174"
    },
    {
      "Altura \ndo \nMolde": "21,0",
      "Espessura \nda Lâmina": "5,0",
      "Altura \nTotal": "26,0",
      "Largura da Nervura": "16,0",
      "col5": "18,8",
      "col6": "17,4",
      "Área da \nSeção": "735",
      "Distância do C. G à": "8,8",
      "col9": "17,2",
      "Inércia": "43908",
      "col11": "19,2",
      "Volume do Vazio": "0,067",
      "col13": "0,122",
      "Peso \nPróprio": "3,43",
      "Volume\nde \nConcreto": "0,137"
    },
    {
      "Altura \ndo \nMolde": "",
      "Espessura \nda Lâmina": "7,5",
      "Altura \nTotal": "28,5",
      "Largura da Nervura": "",
      "col5": "",
      "col6": "",
      "Área da \nSeção": "920",
      "Distância do C. G à": "9,3",
      "col9": "19,2",
      "Inércia": "58992",
      "col11": "21,2",
      "Volume do Vazio": "",
      "col13": "",
      "Peso \nPróprio": "4,05",
      "Volume\nde \nConcreto": "0,162"
    },
    {
      "Altura \ndo \nMolde": "",
      "Espessura \nda Lâmina": "10,0",
      "Altura \nTotal": "31,0",
      "Largura da Nervura": "",
      "col5": "",
      "col6": "",
      "Área da \nSeção": "1105",
      "Distância do C. G à": "10,0",
      "col9": "21,0",
      "Inércia": "76219",
      "col11": "23,1",
      "Volume do Vazio": "",
      "col13": "",
      "Peso \nPróprio": "4,68",
      "Volume\nde \nConcreto": "0,187"
    },
    {
      "Altura \ndo \nMolde": "26,0",
      "Espessura \nda Lâmina": "5,0",
      "Altura \nTotal": "31,0",
      "Largura da Nervura": "16,0",
      "col5": "20,4",
      "col6": "18,2",
      "Área da \nSeção": "843",
      "Distância do C. G à": "10,9",
      "col9": "20,1",
      "Inércia": "73869",
      "col11": "22,9",
      "Volume do Vazio": "0,081",
      "col13": "0,148",
      "Peso \nPróprio": "4,05",
      "Volume\nde \nConcreto": "0,162"
    },
    {
      "Altura \ndo \nMolde": "",
      "Espessura \nda Lâmina": "7,5",
      "Altura \nTotal": "33,5",
      "Largura da Nervura": "",
      "col5": "",
      "col6": "",
      "Área da \nSeção": "1028",
      "Distância do C. G à": "11,2",
      "col9": "22,3",
      "Inércia": "96379",
      "col11": "25,0",
      "Volume do Vazio": "",
      "col13": "",
      "Peso \nPróprio": "4,68",
      "Volume\nde \nConcreto": "0,187"
    },
    {
      "Altura \ndo \nMolde": "",
      "Espessura \nda Lâmina": "10,0",
      "Altura \nTotal": "36,0",
      "Largura da Nervura": "",
      "col5": "",
      "col6": "",
      "Área da \nSeção": "1213",
      "Distância do C. G à": "11,8",
      "col9": "24,2",
      "Inércia": "120847",
      "col11": "27,0",
      "Volume do Vazio": "",
      "col13": "",
      "Peso \nPróprio": "5,30",
      "Volume\nde \nConcreto": "0,212"
    },
    {
      "Altura \ndo \nMolde": "30,0",
      "Espessura \nda Lâmina": "5,0",
      "Altura \nTotal": "35,0",
      "Largura da Nervura": "16,0",
      "col5": "22,0",
      "col6": "19,0",
      "Área da \nSeção": "940",
      "Distância do C. G à": "12,6",
      "col9": "22,4",
      "Inércia": "105817",
      "col11": "25,8",
      "Volume do Vazio": "0,091",
      "col13": "0,166",
      "Peso \nPróprio": "4,60",
      "Volume\nde \nConcreto": "0,184"
    },
    {
      "Altura \ndo \nMolde": "",
      "Espessura \nda Lâmina": "7,5",
      "Altura \nTotal": "37,5",
      "Largura da Nervura": "",
      "col5": "",
      "col6": "",
      "Área da \nSeção": "1125",
      "Distância do C. G à": "12,9",
      "col9": "24,7",
      "Inércia": "135706",
      "col11": "28,0",
      "Volume do Vazio": "",
      "col13": "",
      "Peso \nPróprio": "5,23",
      "Volume\nde \nConcreto": "0,209"
    },
    {
      "Altura \ndo \nMolde": "",
      "Espessura \nda Lâmina": "10,0",
      "Altura \nTotal": "40,0",
      "Largura da Nervura": "",
      "col5": "",
      "col6": "",
      "Área da \nSeção": "1310",
      "Distância do C. G à": "13,4",
      "col9": "26,6",
      "Inércia": "167388",
      "col11": "30,0",
      "Volume do Vazio": "",
      "col13": "",
      "Peso \nPróprio": "5,85",
      "Volume\nde \nConcreto": "0,234"
    },
    {
      "Altura \ndo \nMolde": "35,0",
      "Espessura \nda Lâmina": "5,0",
      "Altura \nTotal": "40,0",
      "Largura da Nervura": "16,0",
      "col5": "24,0",
      "col6": "20,0",
      "Área da \nSeção": "1070",
      "Distância do C. G à": "14,8",
      "col9": "25,2",
      "Inércia": "157132",
      "col11": "29,4",
      "Volume do Vazio": "0,102",
      "col13": "0,186",
      "Peso \nPróprio": "5,35",
      "Volume\nde \nConcreto": "0,214"
    },
    {
      "Altura \ndo \nMolde": "",
      "Espessura \nda Lâmina": "7,5",
      "Altura \nTotal": "42,5",
      "Largura da Nervura": "",
      "col5": "",
      "col6": "",
      "Área da \nSeção": "1255",
      "Distância do C. G à": "15,0",
      "col9": "27,6",
      "Inércia": "197966",
      "col11": "31,8",
      "Volume do Vazio": "",
      "col13": "",
      "Peso \nPróprio": "5,98",
      "Volume\nde \nConcreto": "0,239"
    },
    {
      "Altura \ndo \nMolde": "",
      "Espessura \nda Lâmina": "10,0",
      "Altura \nTotal": "45,0",
      "Largura da Nervura": "",
      "col5": "",
      "col6": "",
      "Área da \nSeção": "1440",
      "Distância do C. G à": "15,4",
      "col9": "29,6",
      "Inércia": "240386",
      "col11": "33,9",
      "Volume do Vazio": "",
      "col13": "",
      "Peso \nPróprio": "6,60",
      "Volume\nde \nConcreto": "0,264"
    },
    {
      "Altura \ndo \nMolde": "40,0",
      "Espessura \nda Lâmina": "5,0",
      "Altura \nTotal": "45,0",
      "Largura da Nervura": "16,0",
      "col5": "26,2",
      "col6": "21,1",
      "Área da \nSeção": "1214",
      "Distância do C. G à": "17,0",
      "col9": "28,0",
      "Inércia": "223352",
      "col11": "33,1",
      "Volume do Vazio": "0,112",
      "col13": "0,205",
      "Peso \nPróprio": "6,15",
      "Volume\nde \nConcreto": "0,246"
    },
    {
      "Altura \ndo \nMolde": "",
      "Espessura \nda Lâmina": "7,5",
      "Altura \nTotal": "47,5",
      "Largura da Nervura": "",
      "col5": "",
      "col6": "",
      "Área da \nSeção": "1399",
      "Distância do C. G à": "17,1",
      "col9": "30,4",
      "Inércia": "277047",
      "col11": "35,5",
      "Volume do Vazio": "",
      "col13": "",
      "Peso \nPróprio": "6,78",
      "Volume\nde \nConcreto": "0,271"
    },
    {
      "Altura \ndo \nMolde": "",
      "Espessura \nda Lâmina": "10,0",
      "Altura \nTotal": "50,0",
      "Largura da Nervura": "",
      "col5": "",
      "col6": "",
      "Área da \nSeção": "1584",
      "Distância do C. G à": "17,5",
      "col9": "32,5",
      "Inércia": "332198",
      "col11": "37,8",
      "Volume do Vazio": "",
      "col13": "",
      "Peso \nPróprio": "7,40",
      "Volume\nde \nConcreto": "0,296"
    },
    {
      "Altura \ndo \nMolde": "d1",
      "Espessura \nda Lâmina": "ds",
      "Altura \nTotal": "D",
      "Largura da Nervura": "bi",
      "col5": "bs",
      "col6": "br",
      "Área da \nSeção": "A",
      "Distância do C. G à": "rs",
      "col9": "ri",
      "Inércia": "I",
      "col11": "heq",
      "Volume do Vazio": "v/v",
      "col13": "",
      "Peso \nPróprio": "Concreto 25 kN/m³",
      "Volume\nde \nConcreto": ""
    }
  ]
}