{
  "Atex 655U": [
    {
      "Altura \ndo \n|Molde": "",
      "Espessura \nda Lâmina": "",
      "Altura \nTotal": "",
      "Largura da Nervura": "Inferior",
      "col5": "Superior",
      "col6": "Média",
      "Área da \nSeção": "",
      "Distância do C. G à": "Face \nSuperior",
      "col9": "Face \nInferior",
      "Inércia": "Inércia por \nNervura",
      "col11": "Altura \nEquivalente",
      "Peso \nPróprio": "",
      "Volume de \nConcreto": ""
    },
    {
      "Altura \ndo \n|Molde": "cm",
      "Espessura \nda Lâmina": "cm",
      "Altura \nTotal": "cm",
      "Largura da Nervura": "cm",
      "col5": "cm",
      "col6": "cm",
      "Área da \nSeção": "cm²",
      "Distância do C. G à": "cm",
      "col9": "cm",
      "Inércia": "cm4",
      "col11": "cm",
      "Peso \nPróprio": "KN/m²",
      "Volume de \nConcreto": "m³/m²"
    },
    {
      "Altura \ndo \n|Molde": "16,0",
      "Espessura \nda Lâmina": "5,0",
      "Altura \nTotal": "21,0",
      "Largura da Nervura": "11,5",
      "col5": "14,4",
      "col6": "13,0",
      "Área da \nSeção": "535",
      "Distância do C. G à": "6,5",
      "col9": "14,6",
      "Inércia": "18291",
      "col11": "15,0",
      "Peso \nPróprio": "2,05",
      "Volume de \nConcreto": "0,082"
    },
    {
      "Altura \ndo \n|Molde": "",
      "Espessura \nda Lâmina": "7,5",
      "Altura \nTotal": "23,5",
      "Largura da Nervura": "",
      "col5": "",
      "col6": "",
      "Área da \nSeção": "698",
      "Distância do C. G à": "7,2",
      "col9": "16,4",
      "Inércia": "25815",
      "col11": "16,8",
      "Peso \nPróprio": "2,68",
      "Volume de \nConcreto": "0,107"
    },
    {
      "Altura \ndo \n|Molde": "",
      "Espessura \nda Lâmina": "10,0",
      "Altura \nTotal": "26,0",
      "Largura da Nervura": "",
      "col5": "",
      "col6": "",
      "Área da \nSeção": "862",
      "Distância do C. G à": "8,1",
      "col9": "18,0",
      "Inércia": "35254",
      "col11": "18,6",
      "Peso \nPróprio": "3,30",
      "Volume de \nConcreto": "0,132"
    },
    {
      "Altura \ndo \n|Molde": "18,0",
      "Espessura \nda Lâmina": "5,0",
      "Altura \nTotal": "23,0",
      "Largura da Nervura": "11,5",
      "col5": "14,4",
      "col6": "13,0",
      "Área da \nSeção": "561",
      "Distância do C. G à": "7,1",
      "col9": "15,9",
      "Inércia": "23922",
      "col11": "16,4",
      "Peso \nPróprio": "2,15",
      "Volume de \nConcreto": "0,086"
    },
    {
      "Altura \ndo \n|Molde": "",
      "Espessura \nda Lâmina": "7,5",
      "Altura \nTotal": "25,5",
      "Largura da Nervura": "",
      "col5": "",
      "col6": "",
      "Área da \nSeção": "724",
      "Distância do C. G à": "7,7",
      "col9": "17,8",
      "Inércia": "32933",
      "col11": "18,2",
      "Peso \nPróprio": "2,78",
      "Volume de \nConcreto": "0,111"
    },
    {
      "Altura \ndo \n|Molde": "",
      "Espessura \nda Lâmina": "10,0",
      "Altura \nTotal": "28,0",
      "Largura da Nervura": "",
      "col5": "",
      "col6": "",
      "Área da \nSeção": "888",
      "Distância do C. G à": "8,6",
      "col9": "19,4",
      "Inércia": "43824",
      "col11": "20,0",
      "Peso \nPróprio": "3,40",
      "Volume de \nConcreto": "0,136"
    },
    {
      "Altura \ndo \n|Molde": "21,0",
      "Espessura \nda Lâmina": "5,0",
      "Altura \nTotal": "26,0",
      "Largura da Nervura": "11,5",
      "col5": "16,7",
      "col6": "14,1",
      "Área da \nSeção": "624",
      "Distância do C. G à": "8,4",
      "col9": "17,6",
      "Inércia": "35176",
      "col11": "18,6",
      "Peso \nPróprio": "2,38",
      "Volume de \nConcreto": "0,095"
    },
    {
      "Altura \ndo \n|Molde": "",
      "Espessura \nda Lâmina": "7,5",
      "Altura \nTotal": "28,5",
      "Largura da Nervura": "",
      "col5": "",
      "col6": "",
      "Área da \nSeção": "787",
      "Distância do C. G à": "8,9",
      "col9": "19,6",
      "Inércia": "47255",
      "col11": "20,5",
      "Peso \nPróprio": "3,00",
      "Volume de \nConcreto": "0,120"
    },
    {
      "Altura \ndo \n|Molde": "",
      "Espessura \nda Lâmina": "10,0",
      "Altura \nTotal": "31,0",
      "Largura da Nervura": "",
      "col5": "",
      "col6": "",
      "Área da \nSeção": "951",
      "Distância do C. G à": "9,6",
      "col9": "21,4",
      "Inércia": "61213",
      "col11": "22,4",
      "Peso \nPróprio": "3,63",
      "Volume de \nConcreto": "0,145"
    },
    {
      "Altura \ndo \n|Molde": "26,0",
      "Espessura \nda Lâmina": "5,0",
      "Altura \nTotal": "31,0",
      "Largura da Nervura": "11,5",
      "col5": "19,3",
      "col6": "15,4",
      "Área da \nSeção": "728",
      "Distância do C. G à": "10,4",
      "col9": "20,6",
      "Inércia": "60125",
      "col11": "22,3",
      "Peso \nPróprio": "2,78",
      "Volume de \nConcreto": "0,111"
    },
    {
      "Altura \ndo \n|Molde": "",
      "Espessura \nda Lâmina": "7,5",
      "Altura \nTotal": "33,5",
      "Largura da Nervura": "",
      "col5": "",
      "col6": "",
      "Área da \nSeção": "892",
      "Distância do C. G à": "10,8",
      "col9": "22,7",
      "Inércia": "78424",
      "col11": "24,3",
      "Peso \nPróprio": "3,40",
      "Volume de \nConcreto": "0,136"
    },
    {
      "Altura \ndo \n|Molde": "",
      "Espessura \nda Lâmina": "10,0",
      "Altura \nTotal": "36,0",
      "Largura da Nervura": "",
      "col5": "",
      "col6": "",
      "Área da \nSeção": "1055",
      "Distância do C. G à": "11,4",
      "col9": "24,6",
      "Inércia": "98526",
      "col11": "26,2",
      "Peso \nPróprio": "4,03",
      "Volume de \nConcreto": "0,161"
    },
    {
      "Altura \ndo \n|Molde": "30,0",
      "Espessura \nda Lâmina": "5,0",
      "Altura \nTotal": "35,0",
      "Largura da Nervura": "11,5",
      "col5": "21,7",
      "col6": "16,6",
      "Área da \nSeção": "826",
      "Distância do C. G à": "12,1",
      "col9": "22,9",
      "Inércia": "87207",
      "col11": "25,2",
      "Peso \nPróprio": "3,15",
      "Volume de \nConcreto": "0,126"
    },
    {
      "Altura \ndo \n|Molde": "",
      "Espessura \nda Lâmina": "7,5",
      "Altura \nTotal": "37,5",
      "Largura da Nervura": "",
      "col5": "",
      "col6": "",
      "Área da \nSeção": "989",
      "Distância do C. G à": "12,4",
      "col9": "25,1",
      "Inércia": "111757",
      "col11": "27,4",
      "Peso \nPróprio": "3,78",
      "Volume de \nConcreto": "0,151"
    },
    {
      "Altura \ndo \n|Molde": "",
      "Espessura \nda Lâmina": "10,0",
      "Altura \nTotal": "40,0",
      "Largura da Nervura": "",
      "col5": "",
      "col6": "",
      "Área da \nSeção": "1153",
      "Distância do C. G à": "13,0",
      "col9": "27,0",
      "Inércia": "138080",
      "col11": "29,4",
      "Peso \nPróprio": "4,40",
      "Volume de \nConcreto": "0,176"
    },
    {
      "Altura \ndo \n|Molde": "d1",
      "Espessura \nda Lâmina": "ds",
      "Altura \nTotal": "D",
      "Largura da Nervura": "bi",
      "col5": "bs",
      "col6": "br",
      "Área da \nSeção": "A",
      "Distância do C. G à": "rs",
      "col9": "ri",
      "Inércia": "I",
      "col11": "heq",
      "Peso \nPróprio": "Concreto 25 kN/m³",
      "Volume de \nConcreto": ""
    },
    {
      "Concreto": "Sistema\nCabetex\nRégua\nde 7,5 cm"
    }
  ]
}