{
  "Atex 610U": [
    {
      "Altura do \nMolde": "",
      "Espessura \nda Lâmina": "",
      "Altura \nTotal": "",
      "Largura da Nervura": "Inferior",
      "col5": "Superior",
      "col6": "Média",
      "Área da \nSeção": "",
      "Distância do C. G à": "Face \nSuperior",
      "col9": "Face \nInferior",
      "Inércia": "Inércia por \nNervura",
      "col11": "Altura \nEquivalente",
      "Peso \nPróprio": "",
      "Volume de \nConcreto": ""
    },
    {
      "Altura do \nMolde": "cm",
      "Espessura \nda Lâmina": "cm",
      "Altura \nTotal": "cm",
      "Largura da Nervura": "cm",
      "col5": "cm",
      "col6": "cm",
      "Área da \nSeção": "cm²",
      "Distância do C. G à": "cm",
      "col9": "cm",
      "Inércia": "cm4",
      "col11": "cm",
      "Peso \nPróprio": "KN/m²",
      "Volume de \nConcreto": "m³/m²"
    },
    {
      "Altura do \nMolde": "16,0",
      "Espessura \nda Lâmina": "5,0",
      "Altura \nTotal": "21,0",
      "Largura da Nervura": "7,0",
      "col5": "9,9",
      "col6": "8,4",
      "Área da \nSeção": "440",
      "Distância do C. G à": "5,6",
      "col9": "15,4",
      "Inércia": "12933",
      "col11": "13,7",
      "Peso \nPróprio": "1,80",
      "Volume de \nConcreto": "0,072"
    },
    {
      "Altura do \nMolde": "",
      "Espessura \nda Lâmina": "7,5",
      "Altura \nTotal": "23,5",
      "Largura da Nervura": "",
      "col5": "",
      "col6": "",
      "Área da \nSeção": "593",
      "Distância do C. G à": "6,3",
      "col9": "17,2",
      "Inércia": "18299",
      "col11": "15,3",
      "Peso \nPróprio": "2,43",
      "Volume de \nConcreto": "0,097"
    },
    {
      "Altura do \nMolde": "",
      "Espessura \nda Lâmina": "10,0",
      "Altura \nTotal": "26,0",
      "Largura da Nervura": "",
      "col5": "",
      "col6": "",
      "Área da \nSeção": "745",
      "Distância do C. G à": "7,3",
      "col9": "18,7",
      "Inércia": "25336",
      "col11": "17,1",
      "Peso \nPróprio": "3,05",
      "Volume de \nConcreto": "0,122"
    },
    {
      "Altura do \nMolde": "18,0",
      "Espessura \nda Lâmina": "5,0",
      "Altura \nTotal": "23,0",
      "Largura da Nervura": "7,0",
      "col5": "9,9",
      "col6": "8,5",
      "Área da \nSeção": "458",
      "Distância do C. G à": "6,2",
      "col9": "16,8",
      "Inércia": "16986",
      "col11": "15,0",
      "Peso \nPróprio": "1,88",
      "Volume de \nConcreto": "0,075"
    },
    {
      "Altura do \nMolde": "",
      "Espessura \nda Lâmina": "7,5",
      "Altura \nTotal": "25,5",
      "Largura da Nervura": "",
      "col5": "",
      "col6": "",
      "Área da \nSeção": "611",
      "Distância do C. G à": "6,8",
      "col9": "18,7",
      "Inércia": "23356",
      "col11": "16,6",
      "Peso \nPróprio": "2,50",
      "Volume de \nConcreto": "0,100"
    },
    {
      "Altura do \nMolde": "",
      "Espessura \nda Lâmina": "10,0",
      "Altura \nTotal": "28,0",
      "Largura da Nervura": "",
      "col5": "",
      "col6": "",
      "Área da \nSeção": "763",
      "Distância do C. G à": "7,7",
      "col9": "20,3",
      "Inércia": "31367",
      "col11": "18,3",
      "Peso \nPróprio": "3,13",
      "Volume de \nConcreto": "0,125"
    },
    {
      "Altura do \nMolde": "21,0",
      "Espessura \nda Lâmina": "5,0",
      "Altura \nTotal": "26,0",
      "Largura da Nervura": "7,0",
      "col5": "12,2",
      "col6": "9,6",
      "Área da \nSeção": "506",
      "Distância do C. G à": "7,3",
      "col9": "18,7",
      "Inércia": "25473",
      "col11": "17,1",
      "Peso \nPróprio": "2,08",
      "Volume de \nConcreto": "0,083"
    },
    {
      "Altura do \nMolde": "",
      "Espessura \nda Lâmina": "7,5",
      "Altura \nTotal": "28,5",
      "Largura da Nervura": "",
      "col5": "",
      "col6": "",
      "Área da \nSeção": "659",
      "Distância do C. G à": "7,8",
      "col9": "20,7",
      "Inércia": "34104",
      "col11": "18,9",
      "Peso \nPróprio": "2,70",
      "Volume de \nConcreto": "0,108"
    },
    {
      "Altura do \nMolde": "",
      "Espessura \nda Lâmina": "10,0",
      "Altura \nTotal": "31,0",
      "Largura da Nervura": "",
      "col5": "",
      "col6": "",
      "Área da \nSeção": "811",
      "Distância do C. G à": "8,6",
      "col9": "22,4",
      "Inércia": "44358",
      "col11": "20,6",
      "Peso \nPróprio": "3,33",
      "Volume de \nConcreto": "0,133"
    },
    {
      "Altura do \nMolde": "26,0",
      "Espessura \nda Lâmina": "5,0",
      "Altura \nTotal": "31,0",
      "Largura da Nervura": "7,0",
      "col5": "14,8",
      "col6": "10,9",
      "Área da \nSeção": "588",
      "Distância do C. G à": "9,2",
      "col9": "21,8",
      "Inércia": "44482",
      "col11": "20,6",
      "Peso \nPróprio": "2,40",
      "Volume de \nConcreto": "0,096"
    },
    {
      "Altura do \nMolde": "",
      "Espessura \nda Lâmina": "7,5",
      "Altura \nTotal": "33,5",
      "Largura da Nervura": "",
      "col5": "",
      "col6": "",
      "Área da \nSeção": "741",
      "Distância do C. G à": "9,6",
      "col9": "23,9",
      "Inércia": "57825",
      "col11": "22,5",
      "Peso \nPróprio": "3,03",
      "Volume de \nConcreto": "0,121"
    },
    {
      "Altura do \nMolde": "",
      "Espessura \nda Lâmina": "10,0",
      "Altura \nTotal": "36,0",
      "Largura da Nervura": "",
      "col5": "",
      "col6": "",
      "Área da \nSeção": "893",
      "Distância do C. G à": "10,2",
      "col9": "25,8",
      "Inércia": "72683",
      "col11": "24,3",
      "Peso \nPróprio": "3,65",
      "Volume de \nConcreto": "0,146"
    },
    {
      "Altura do \nMolde": "30,0",
      "Espessura \nda Lâmina": "5,0",
      "Altura \nTotal": "35,0",
      "Largura da Nervura": "7,0",
      "col5": "17,2",
      "col6": "12,1",
      "Área da \nSeção": "668",
      "Distância do C. G à": "10,9",
      "col9": "24,1",
      "Inércia": "65517",
      "col11": "23,5",
      "Peso \nPróprio": "2,75",
      "Volume de \nConcreto": "0,110"
    },
    {
      "Altura do \nMolde": "",
      "Espessura \nda Lâmina": "7,5",
      "Altura \nTotal": "37,5",
      "Largura da Nervura": "",
      "col5": "",
      "col6": "",
      "Área da \nSeção": "821",
      "Distância do C. G à": "11,1",
      "col9": "26,4",
      "Inércia": "83818",
      "col11": "25,5",
      "Peso \nPróprio": "3,38",
      "Volume de \nConcreto": "0,135"
    },
    {
      "Altura do \nMolde": "",
      "Espessura \nda Lâmina": "10,0",
      "Altura \nTotal": "40,0",
      "Largura da Nervura": "",
      "col5": "",
      "col6": "",
      "Área da \nSeção": "973",
      "Distância do C. G à": "11,7",
      "col9": "28,3",
      "Inércia": "103553",
      "col11": "27,3",
      "Peso \nPróprio": "4,00",
      "Volume de \nConcreto": "0,160"
    },
    {
      "Altura do \nMolde": "d1",
      "Espessura \nda Lâmina": "ds",
      "Altura \nTotal": "D",
      "Largura da Nervura": "bi",
      "col5": "bs",
      "col6": "br",
      "Área da \nSeção": "A",
      "Distância do C. G à": "rs",
      "col9": "ri",
      "Inércia": "I",
      "col11": "heq",
      "Peso \nPróprio": "Concreto 25 kN/m³",
      "Volume de \nConcreto": ""
    }
  ]
}