{
  "Atex 800U": [
    {
      "Altura \ndo \nMolde": "",
      "Espessura \nda Lâmina": "",
      "Altura \nTotal": "",
      "Largura da Nervura": "Inferior",
      "col5": "Superior",
      "col6": "Média",
      "Área da \nSeção": "",
      "Distância do C. G à": "Face \nSuperior",
      "col9": "Face \nInferior",
      "Inércia": "Inércia por \nNervura",
      "col11": "Altura \nEquivalente",
      "Peso \nPróprio": "",
      "Volume de \nConcreto": ""
    },
    {
      "Altura \ndo \nMolde": "cm",
      "Espessura \nda Lâmina": "cm",
      "Altura \nTotal": "cm",
      "Largura da Nervura": "cm",
      "col5": "cm",
      "col6": "cm",
      "Área da \nSeção": "cm²",
      "Distância do C. G à": "cm",
      "col9": "cm",
      "Inércia": "cm4",
      "col11": "cm",
      "Peso \nPróprio": "KN/m²",
      "Volume de \nConcreto": "m³/m²"
    },
    {
      "Altura \ndo \nMolde": "10,0",
      "Espessura \nda Lâmina": "5,0",
      "Altura \nTotal": "15,0",
      "Largura da Nervura": "12,5",
      "col5": "13,3",
      "col6": "12,9",
      "Área da \nSeção": "529",
      "Distância do C. G à": "4,3",
      "col9": "10,7",
      "Inércia": "7319",
      "col11": "10,3",
      "Peso \nPróprio": "1,65",
      "Volume de \nConcreto": "0,066"
    },
    {
      "Altura \ndo \nMolde": "",
      "Espessura \nda Lâmina": "7,5",
      "Altura \nTotal": "17,5",
      "Largura da Nervura": "",
      "col5": "",
      "col6": "",
      "Área da \nSeção": "729",
      "Distância do C. G à": "5,3",
      "col9": "12,2",
      "Inércia": "11920",
      "col11": "12,1",
      "Peso \nPróprio": "2,28",
      "Volume de \nConcreto": "0,091"
    },
    {
      "Altura \ndo \nMolde": "",
      "Espessura \nda Lâmina": "10,0",
      "Altura \nTotal": "20,0",
      "Largura da Nervura": "",
      "col5": "",
      "col6": "",
      "Área da \nSeção": "929",
      "Distância do C. G à": "6,4",
      "col9": "13,6",
      "Inércia": "18736",
      "col11": "14,1",
      "Peso \nPróprio": "2,90",
      "Volume de \nConcreto": "0,116"
    },
    {
      "Altura \ndo \nMolde": "15,0",
      "Espessura \nda Lâmina": "5,0",
      "Altura \nTotal": "20,0",
      "Largura da Nervura": "12,5",
      "col5": "13,8",
      "col6": "13,2",
      "Área da \nSeção": "597",
      "Distância do C. G à": "5,8",
      "col9": "14,2",
      "Inércia": "17415",
      "col11": "13,8",
      "Peso \nPróprio": "1,88",
      "Volume de \nConcreto": "0,075"
    },
    {
      "Altura \ndo \nMolde": "",
      "Espessura \nda Lâmina": "7,5",
      "Altura \nTotal": "22,5",
      "Largura da Nervura": "",
      "col5": "",
      "col6": "",
      "Área da \nSeção": "797",
      "Distância do C. G à": "6,5",
      "col9": "16,0",
      "Inércia": "24885",
      "col11": "15,5",
      "Peso \nPróprio": "2,50",
      "Volume de \nConcreto": "0,100"
    },
    {
      "Altura \ndo \nMolde": "",
      "Espessura \nda Lâmina": "10,0",
      "Altura \nTotal": "25,0",
      "Largura da Nervura": "",
      "col5": "",
      "col6": "",
      "Área da \nSeção": "997",
      "Distância do C. G à": "7,5",
      "col9": "17,6",
      "Inércia": "34600",
      "col11": "17,3",
      "Peso \nPróprio": "3,13",
      "Volume de \nConcreto": "0,125"
    },
    {
      "Altura \ndo \nMolde": "20,0",
      "Espessura \nda Lâmina": "5,0",
      "Altura \nTotal": "25,0",
      "Largura da Nervura": "12,5",
      "col5": "15,6",
      "col6": "14,0",
      "Área da \nSeção": "681",
      "Distância do C. G à": "7,5",
      "col9": "17,5",
      "Inércia": "34444",
      "col11": "17,3",
      "Peso \nPróprio": "2,13",
      "Volume de \nConcreto": "0,085"
    },
    {
      "Altura \ndo \nMolde": "",
      "Espessura \nda Lâmina": "7,5",
      "Altura \nTotal": "27,5",
      "Largura da Nervura": "",
      "col5": "",
      "col6": "",
      "Área da \nSeção": "881",
      "Distância do C. G à": "8,0",
      "col9": "19,5",
      "Inércia": "46395",
      "col11": "19,1",
      "Peso \nPróprio": "2,75",
      "Volume de \nConcreto": "0,110"
    },
    {
      "Altura \ndo \nMolde": "",
      "Espessura \nda Lâmina": "10,0",
      "Altura \nTotal": "30,0",
      "Largura da Nervura": "",
      "col5": "",
      "col6": "",
      "Área da \nSeção": "1081",
      "Distância do C. G à": "8,8",
      "col9": "21,2",
      "Inércia": "60494",
      "col11": "20,9",
      "Peso \nPróprio": "3,38",
      "Volume de \nConcreto": "0,135"
    },
    {
      "Altura \ndo \nMolde": "25,0",
      "Espessura \nda Lâmina": "5,0",
      "Altura \nTotal": "30,0",
      "Largura da Nervura": "12,5",
      "col5": "17,1",
      "col6": "14,8",
      "Área da \nSeção": "770",
      "Distância do C. G à": "9,4",
      "col9": "20,6",
      "Inércia": "59543",
      "col11": "20,8",
      "Peso \nPróprio": "2,40",
      "Volume de \nConcreto": "0,096"
    },
    {
      "Altura \ndo \nMolde": "",
      "Espessura \nda Lâmina": "7,5",
      "Altura \nTotal": "32,5",
      "Largura da Nervura": "",
      "col5": "",
      "col6": "",
      "Área da \nSeção": "970",
      "Distância do C. G à": "9,7",
      "col9": "22,8",
      "Inércia": "77643",
      "col11": "22,7",
      "Peso \nPróprio": "3,03",
      "Volume de \nConcreto": "0,121"
    },
    {
      "Altura \ndo \nMolde": "",
      "Espessura \nda Lâmina": "10,0",
      "Altura \nTotal": "35,0",
      "Largura da Nervura": "",
      "col5": "",
      "col6": "",
      "Área da \nSeção": "1170",
      "Distância do C. G à": "10,3",
      "col9": "24,7",
      "Inércia": "97633",
      "col11": "24,5",
      "Peso \nPróprio": "3,65",
      "Volume de \nConcreto": "0,146"
    },
    {
      "Altura \ndo \nMolde": "30,0",
      "Espessura \nda Lâmina": "5,0",
      "Altura \nTotal": "35,0",
      "Largura da Nervura": "12,5",
      "col5": "20,0",
      "col6": "16,3",
      "Área da \nSeção": "888",
      "Distância do C. G à": "11,5",
      "col9": "23,5",
      "Inércia": "95454",
      "col11": "24,3",
      "Peso \nPróprio": "2,78",
      "Volume de \nConcreto": "0,111"
    },
    {
      "Altura \ndo \nMolde": "",
      "Espessura \nda Lâmina": "7,5",
      "Altura \nTotal": "37,5",
      "Largura da Nervura": "",
      "col5": "",
      "col6": "",
      "Área da \nSeção": "1088",
      "Distância do C. G à": "11,6",
      "col9": "25,9",
      "Inércia": "122004",
      "col11": "26,4",
      "Peso \nPróprio": "3,40",
      "Volume de \nConcreto": "0,136"
    },
    {
      "Altura \ndo \nMolde": "",
      "Espessura \nda Lâmina": "10,0",
      "Altura \nTotal": "40,0",
      "Largura da Nervura": "",
      "col5": "",
      "col6": "",
      "Área da \nSeção": "1288",
      "Distância do C. G à": "12,1",
      "col9": "27,9",
      "Inércia": "150167",
      "col11": "28,2",
      "Peso \nPróprio": "4,03",
      "Volume de \nConcreto": "0,161"
    },
    {
      "Altura \ndo \nMolde": "35,0",
      "Espessura \nda Lâmina": "5,0",
      "Altura \nTotal": "40,0",
      "Largura da Nervura": "12,5",
      "col5": "22,5",
      "col6": "17,5",
      "Área da \nSeção": "1013",
      "Distância do C. G à": "13,6",
      "col9": "26,4",
      "Inércia": "142988",
      "col11": "27,8",
      "Peso \nPróprio": "3,18",
      "Volume de \nConcreto": "0,127"
    },
    {
      "Altura \ndo \nMolde": "",
      "Espessura \nda Lâmina": "7,5",
      "Altura \nTotal": "42,5",
      "Largura da Nervura": "",
      "col5": "",
      "col6": "",
      "Área da \nSeção": "1213",
      "Distância do C. G à": "13,6",
      "col9": "28,9",
      "Inércia": "179875",
      "col11": "30,0",
      "Peso \nPróprio": "3,80",
      "Volume de \nConcreto": "0,152"
    },
    {
      "Altura \ndo \nMolde": "",
      "Espessura \nda Lâmina": "10,0",
      "Altura \nTotal": "45,0",
      "Largura da Nervura": "",
      "col5": "",
      "col6": "",
      "Área da \nSeção": "1413",
      "Distância do C. G à": "14,0",
      "col9": "31,0",
      "Inércia": "218056",
      "col11": "32,0",
      "Peso \nPróprio": "4,43",
      "Volume de \nConcreto": "0,177"
    },
    {
      "Altura \ndo \nMolde": "40,0",
      "Espessura \nda Lâmina": "5,0",
      "Altura \nTotal": "45,0",
      "Largura da Nervura": "12,5",
      "col5": "25,8",
      "col6": "19,2",
      "Área da \nSeção": "1166",
      "Distância do C. G à": "15,8",
      "col9": "29,2",
      "Inércia": "205963",
      "col11": "31,4",
      "Peso \nPróprio": "3,65",
      "Volume de \nConcreto": "0,146"
    },
    {
      "Altura \ndo \nMolde": "",
      "Espessura \nda Lâmina": "7,5",
      "Altura \nTotal": "47,5",
      "Largura da Nervura": "",
      "col5": "",
      "col6": "",
      "Área da \nSeção": "1366",
      "Distância do C. G à": "15,8",
      "col9": "31,7",
      "Inércia": "255473",
      "col11": "33,7",
      "Peso \nPróprio": "4,28",
      "Volume de \nConcreto": "0,171"
    },
    {
      "Altura \ndo \nMolde": "",
      "Espessura \nda Lâmina": "10,0",
      "Altura \nTotal": "50,0",
      "Largura da Nervura": "",
      "col5": "",
      "col6": "",
      "Área da \nSeção": "1566",
      "Distância do C. G à": "16,1",
      "col9": "33,9",
      "Inércia": "306124",
      "col11": "35,8",
      "Peso \nPróprio": "4,90",
      "Volume de \nConcreto": "0,196"
    },
    {
      "Altura \ndo \nMolde": "50,0",
      "Espessura \nda Lâmina": "5,0",
      "Altura \nTotal": "55,0",
      "Largura da Nervura": "12,5",
      "col5": "31,8",
      "col6": "22,2",
      "Área da \nSeção": "1508",
      "Distância do C. G à": "20,0",
      "col9": "35,0",
      "Inércia": "384394",
      "col11": "38,6",
      "Peso \nPróprio": "4,70",
      "Volume de \nConcreto": "0,188"
    },
    {
      "Altura \ndo \nMolde": "",
      "Espessura \nda Lâmina": "7,5",
      "Altura \nTotal": "57,5",
      "Largura da Nervura": "",
      "col5": "",
      "col6": "",
      "Área da \nSeção": "1708",
      "Distância do C. G à": "20,0",
      "col9": "37,5",
      "Inércia": "464502",
      "col11": "41,1",
      "Peso \nPróprio": "5,33",
      "Volume de \nConcreto": "0,213"
    },
    {
      "Altura \ndo \nMolde": "",
      "Espessura \nda Lâmina": "10,0",
      "Altura \nTotal": "60,0",
      "Largura da Nervura": "",
      "col5": "",
      "col6": "",
      "Área da \nSeção": "1908",
      "Distância do C. G à": "20,3",
      "col9": "39,7",
      "Inércia": "545775",
      "col11": "43,4",
      "Peso \nPróprio": "5,95",
      "Volume de \nConcreto": "0,238"
    },
    {
      "Altura \ndo \nMolde": "d1",
      "Espessura \nda Lâmina": "ds",
      "Altura \nTotal": "D",
      "Largura da Nervura": "bi",
      "col5": "bs",
      "col6": "br",
      "Área da \nSeção": "A",
      "Distância do C. G à": "rs",
      "col9": "ri",
      "Inércia": "I",
      "col11": "heq",
      "Peso \nPróprio": "Concreto 25 kN/m³",
      "Volume de \nConcreto": ""
    }
  ]
}