{
  "Atex 685U": [
    {
      "Altura\ndo \nMolde": "",
      "Espessura \nda Lâmina": "",
      "Altura \nTotal": "",
      "Largura da Nervura": "Inferior",
      "col5": "Superior",
      "col6": "Média",
      "Área da \nSeção": "",
      "Distância do C. G à": "Face \nSuperior",
      "col9": "Face \nInferior",
      "Inércia": "Inércia por \nNervura",
      "col11": "Altura \nEquivalente",
      "Peso Próprio": "",
      "Volume de \nConcreto": ""
    },
    {
      "Altura\ndo \nMolde": "cm",
      "Espessura \nda Lâmina": "cm",
      "Altura \nTotal": "cm",
      "Largura da Nervura": "cm",
      "col5": "cm",
      "col6": "cm",
      "Área da \nSeção": "cm²",
      "Distância do C. G à": "cm",
      "col9": "cm",
      "Inércia": "cm4",
      "col11": "cm",
      "Peso Próprio": "KN/m²",
      "Volume de \nConcreto": "m³/m²"
    },
    {
      "Altura\ndo \nMolde": "16,0",
      "Espessura \nda Lâmina": "5,0",
      "Altura \nTotal": "21,0",
      "Largura da Nervura": "14,5",
      "col5": "17,4",
      "col6": "16,0",
      "Área da \nSeção": "598",
      "Distância do C. G à": "6,9",
      "col9": "14,1",
      "Inércia": "21528",
      "col11": "15,6",
      "Peso Próprio": "2,18",
      "Volume de \nConcreto": "0,087"
    },
    {
      "Altura\ndo \nMolde": "",
      "Espessura \nda Lâmina": "7,5",
      "Altura \nTotal": "23,5",
      "Largura da Nervura": "",
      "col5": "",
      "col6": "",
      "Área da \nSeção": "769",
      "Distância do C. G à": "7,6",
      "col9": "15,9",
      "Inércia": "30414",
      "col11": "17,5",
      "Peso Próprio": "2,80",
      "Volume de \nConcreto": "0,112"
    },
    {
      "Altura\ndo \nMolde": "",
      "Espessura \nda Lâmina": "10,0",
      "Altura \nTotal": "26,0",
      "Largura da Nervura": "",
      "col5": "",
      "col6": "",
      "Área da \nSeção": "940",
      "Distância do C. G à": "8,5",
      "col9": "17,5",
      "Inércia": "41396",
      "col11": "19,4",
      "Peso Próprio": "3,43",
      "Volume de \nConcreto": "0,137"
    },
    {
      "Altura\ndo \nMolde": "18,0",
      "Espessura \nda Lâmina": "5,0",
      "Altura \nTotal": "23,0",
      "Largura da Nervura": "14,5",
      "col5": "17,4",
      "col6": "16,0",
      "Área da \nSeção": "630",
      "Distância do C. G à": "7,6",
      "col9": "15,4",
      "Inércia": "28129",
      "col11": "17,0",
      "Peso Próprio": "2,30",
      "Volume de \nConcreto": "0,092"
    },
    {
      "Altura\ndo \nMolde": "",
      "Espessura \nda Lâmina": "7,5",
      "Altura \nTotal": "25,5",
      "Largura da Nervura": "",
      "col5": "",
      "col6": "",
      "Área da \nSeção": "801",
      "Distância do C. G à": "8,2",
      "col9": "17,3",
      "Inércia": "38809",
      "col11": "18,9",
      "Peso Próprio": "2,93",
      "Volume de \nConcreto": "0,117"
    },
    {
      "Altura\ndo \nMolde": "",
      "Espessura \nda Lâmina": "10,0",
      "Altura \nTotal": "28,0",
      "Largura da Nervura": "",
      "col5": "",
      "col6": "",
      "Área da \nSeção": "972",
      "Distância do C. G à": "9,1",
      "col9": "19,0",
      "Inércia": "51558",
      "col11": "20,8",
      "Peso Próprio": "3,55",
      "Volume de \nConcreto": "0,142"
    },
    {
      "Altura\ndo \nMolde": "21,0",
      "Espessura \nda Lâmina": "5,0",
      "Altura \nTotal": "26,0",
      "Largura da Nervura": "14,5",
      "col5": "19,7",
      "col6": "17,1",
      "Área da \nSeção": "702",
      "Distância do C. G à": "8,9",
      "col9": "17,1",
      "Inércia": "41057",
      "col11": "19,3",
      "Peso Próprio": "2,55",
      "Volume de \nConcreto": "0,102"
    },
    {
      "Altura\ndo \nMolde": "",
      "Espessura \nda Lâmina": "7,5",
      "Altura \nTotal": "28,5",
      "Largura da Nervura": "",
      "col5": "",
      "col6": "",
      "Área da \nSeção": "873",
      "Distância do C. G à": "9,4",
      "col9": "19,1",
      "Inércia": "55274",
      "col11": "21,3",
      "Peso Próprio": "3,18",
      "Volume de \nConcreto": "0,127"
    },
    {
      "Altura\ndo \nMolde": "",
      "Espessura \nda Lâmina": "10,0",
      "Altura \nTotal": "31,0",
      "Largura da Nervura": "",
      "col5": "",
      "col6": "",
      "Área da \nSeção": "1044",
      "Distância do C. G à": "10,2",
      "col9": "20,9",
      "Inércia": "71581",
      "col11": "23,2",
      "Peso Próprio": "3,80",
      "Volume de \nConcreto": "0,152"
    },
    {
      "Altura\ndo \nMolde": "26,0",
      "Espessura \nda Lâmina": "5,0",
      "Altura \nTotal": "31,0",
      "Largura da Nervura": "14,5",
      "col5": "22,3",
      "col6": "18,4",
      "Área da \nSeção": "821",
      "Distância do C. G à": "11,0",
      "col9": "20,0",
      "Inércia": "69695",
      "col11": "23,0",
      "Peso Próprio": "3,00",
      "Volume de \nConcreto": "0,120"
    },
    {
      "Altura\ndo \nMolde": "",
      "Espessura \nda Lâmina": "7,5",
      "Altura \nTotal": "33,5",
      "Largura da Nervura": "",
      "col5": "",
      "col6": "",
      "Área da \nSeção": "992",
      "Distância do C. G à": "11,4",
      "col9": "22,1",
      "Inércia": "91038",
      "col11": "25,2",
      "Peso Próprio": "3,63",
      "Volume de \nConcreto": "0,145"
    },
    {
      "Altura\ndo \nMolde": "",
      "Espessura \nda Lâmina": "10,0",
      "Altura \nTotal": "36,0",
      "Largura da Nervura": "",
      "col5": "",
      "col6": "",
      "Área da \nSeção": "1163",
      "Distância do C. G à": "12,0",
      "col9": "24,0",
      "Inércia": "114436",
      "col11": "27,2",
      "Peso Próprio": "4,25",
      "Volume de \nConcreto": "0,170"
    },
    {
      "Altura\ndo \nMolde": "30,0",
      "Espessura \nda Lâmina": "5,0",
      "Altura \nTotal": "35,0",
      "Largura da Nervura": "14,5",
      "col5": "24,7",
      "col6": "19,6",
      "Área da \nSeção": "931",
      "Distância do C. G à": "12,7",
      "col9": "22,3",
      "Inércia": "100612",
      "col11": "26,0",
      "Peso Próprio": "3,40",
      "Volume de \nConcreto": "0,136"
    },
    {
      "Altura\ndo \nMolde": "",
      "Espessura \nda Lâmina": "7,5",
      "Altura \nTotal": "37,5",
      "Largura da Nervura": "",
      "col5": "",
      "col6": "",
      "Área da \nSeção": "1102",
      "Distância do C. G à": "13,1",
      "col9": "24,4",
      "Inércia": "128994",
      "col11": "28,3",
      "Peso Próprio": "4,03",
      "Volume de \nConcreto": "0,161"
    },
    {
      "Altura\ndo \nMolde": "",
      "Espessura \nda Lâmina": "10,0",
      "Altura \nTotal": "40,0",
      "Largura da Nervura": "",
      "col5": "",
      "col6": "",
      "Área da \nSeção": "1273",
      "Distância do C. G à": "13,6",
      "col9": "26,4",
      "Inércia": "159444",
      "col11": "30,3",
      "Peso Próprio": "4,65",
      "Volume de \nConcreto": "0,186"
    },
    {
      "Altura\ndo \nMolde": "d1",
      "Espessura \nda Lâmina": "ds",
      "Altura \nTotal": "D",
      "Largura da Nervura": "bi",
      "col5": "bs",
      "col6": "br",
      "Área da \nSeção": "A",
      "Distância do C. G à": "rs",
      "col9": "ri",
      "Inércia": "I",
      "col11": "heq",
      "Peso Próprio": "Concreto 25 kN/m³",
      "Volume de \nConcreto": ""
    }
  ]
}