{
  "Atex 660": [
    {
      "Altura \ndo \nMolde": "",
      "Espessura \nda Lâmina": "",
      "Altura \nTotal": "",
      "Largura da Nervura": "Inferior",
      "col5": "Superior",
      "col6": "Média",
      "Área da \nSeção": "",
      "Distância do C. G à": "Face \nSuperior",
      "col9": "Face \nInferior",
      "Inércia": "Inércia por\nNervura",
      "col11": "Altura \nEquivalente",
      "Volume do Vazio": "",
      "col13": "",
      "Peso \nPróprio": "",
      "Volume\nde \nConcreto": ""
    },
    {
      "Altura \ndo \nMolde": "cm",
      "Espessura \nda Lâmina": "cm",
      "Altura \nTotal": "cm",
      "Largura da Nervura": "cm",
      "col5": "cm",
      "col6": "cm",
      "Área da \nSeção": "cm²",
      "Distância do C. G à": "cm",
      "col9": "cm",
      "Inércia": "cm4",
      "col11": "cm",
      "Volume do Vazio": "m³",
      "col13": "m³/m²",
      "Peso \nPróprio": "KN/m²",
      "Volume\nde \nConcreto": "m³/m²"
    },
    {
      "Altura \ndo \nMolde": "16,0",
      "Espessura \nda Lâmina": "5,0",
      "Altura \nTotal": "21,0",
      "Largura da Nervura": "12,0",
      "col5": "15,0",
      "col6": "13,5",
      "Área da \nSeção": "546",
      "Distância do C. G à": "6,5",
      "col9": "14,5",
      "Inércia": "18869",
      "col11": "15,1",
      "Volume do Vazio": "0,044",
      "col13": "0,101",
      "Peso \nPróprio": "2,73",
      "Volume\nde \nConcreto": "0,109"
    },
    {
      "Altura \ndo \nMolde": "",
      "Espessura \nda Lâmina": "7,5",
      "Altura \nTotal": "23,5",
      "Largura da Nervura": "",
      "col5": "",
      "col6": "",
      "Área da \nSeção": "711",
      "Distância do C. G à": "7,2",
      "col9": "16,3",
      "Inércia": "26637",
      "col11": "16,9",
      "Volume do Vazio": "",
      "col13": "",
      "Peso \nPróprio": "3,35",
      "Volume\nde \nConcreto": "0,134"
    },
    {
      "Altura \ndo \nMolde": "",
      "Espessura \nda Lâmina": "10,0",
      "Altura \nTotal": "26,0",
      "Largura da Nervura": "",
      "col5": "",
      "col6": "",
      "Área da \nSeção": "876",
      "Distância do C. G à": "8,1",
      "col9": "17,9",
      "Inércia": "36353",
      "col11": "18,8",
      "Volume do Vazio": "",
      "col13": "",
      "Peso \nPróprio": "3,98",
      "Volume\nde \nConcreto": "0,159"
    },
    {
      "Altura \ndo \nMolde": "18,0",
      "Espessura \nda Lâmina": "5,0",
      "Altura \nTotal": "23,0",
      "Largura da Nervura": "12,0",
      "col5": "15,0",
      "col6": "13,5",
      "Área da \nSeção": "573",
      "Distância do C. G à": "7,3",
      "col9": "15,7",
      "Inércia": "24678",
      "col11": "16,5",
      "Volume do Vazio": "0,050",
      "col13": "0,114",
      "Peso \nPróprio": "2,90",
      "Volume\nde \nConcreto": "0,116"
    },
    {
      "Altura \ndo \nMolde": "",
      "Espessura \nda Lâmina": "7,5",
      "Altura \nTotal": "25,5",
      "Largura da Nervura": "",
      "col5": "",
      "col6": "",
      "Área da \nSeção": "738",
      "Distância do C. G à": "7,8",
      "col9": "17,7",
      "Inércia": "33992",
      "col11": "18,4",
      "Volume do Vazio": "",
      "col13": "",
      "Peso \nPróprio": "3,53",
      "Volume\nde \nConcreto": "0,141"
    },
    {
      "Altura \ndo \nMolde": "",
      "Espessura \nda Lâmina": "10,0",
      "Altura \nTotal": "28,0",
      "Largura da Nervura": "",
      "col5": "",
      "col6": "",
      "Área da \nSeção": "903",
      "Distância do C. G à": "8,7",
      "col9": "19,3",
      "Inércia": "45220",
      "col11": "20,2",
      "Volume do Vazio": "",
      "col13": "",
      "Peso \nPróprio": "4,15",
      "Volume\nde \nConcreto": "0,166"
    },
    {
      "Altura \ndo \nMolde": "21,0",
      "Espessura \nda Lâmina": "5,0",
      "Altura \nTotal": "26,0",
      "Largura da Nervura": "12,0",
      "col5": "17,2",
      "col6": "14,6",
      "Área da \nSeção": "637",
      "Distância do C. G à": "8,5",
      "col9": "17,5",
      "Inércia": "36182",
      "col11": "18,7",
      "Volume do Vazio": "0,056",
      "col13": "0,127",
      "Peso \nPróprio": "3,33",
      "Volume\nde \nConcreto": "0,133"
    },
    {
      "Altura \ndo \nMolde": "",
      "Espessura \nda Lâmina": "7,5",
      "Altura \nTotal": "28,5",
      "Largura da Nervura": "",
      "col5": "",
      "col6": "",
      "Área da \nSeção": "802",
      "Distância do C. G à": "9,0",
      "col9": "19,5",
      "Inércia": "48625",
      "col11": "20,7",
      "Volume do Vazio": "",
      "col13": "",
      "Peso \nPróprio": "3,95",
      "Volume\nde \nConcreto": "0,158"
    },
    {
      "Altura \ndo \nMolde": "",
      "Espessura \nda Lâmina": "10,0",
      "Altura \nTotal": "31,0",
      "Largura da Nervura": "",
      "col5": "",
      "col6": "",
      "Área da \nSeção": "967",
      "Distância do C. G à": "9,7",
      "col9": "21,3",
      "Inércia": "62981",
      "col11": "22,5",
      "Volume do Vazio": "",
      "col13": "",
      "Peso \nPróprio": "4,58",
      "Volume\nde \nConcreto": "0,183"
    },
    {
      "Altura \ndo \nMolde": "26,0",
      "Espessura \nda Lâmina": "5,0",
      "Altura \nTotal": "31,0",
      "Largura da Nervura": "12,0",
      "col5": "19,7",
      "col6": "15,9",
      "Área da \nSeção": "743",
      "Distância do C. G à": "10,5",
      "col9": "20,5",
      "Inércia": "61721",
      "col11": "22,4",
      "Volume do Vazio": "0,065",
      "col13": "0,150",
      "Peso \nPróprio": "4,00",
      "Volume\nde \nConcreto": "0,160"
    },
    {
      "Altura \ndo \nMolde": "",
      "Espessura \nda Lâmina": "7,5",
      "Altura \nTotal": "33,5",
      "Largura da Nervura": "",
      "col5": "",
      "col6": "",
      "Área da \nSeção": "908",
      "Distância do C. G à": "10,9",
      "col9": "22,6",
      "Inércia": "80525",
      "col11": "24,5",
      "Volume do Vazio": "",
      "col13": "",
      "Peso \nPróprio": "4,63",
      "Volume\nde \nConcreto": "0,185"
    },
    {
      "Altura \ndo \nMolde": "",
      "Espessura \nda Lâmina": "10,0",
      "Altura \nTotal": "36,0",
      "Largura da Nervura": "",
      "col5": "",
      "col6": "",
      "Área da \nSeção": "1073",
      "Distância do C. G à": "11,5",
      "col9": "24,5",
      "Inércia": "101169",
      "col11": "26,4",
      "Volume do Vazio": "",
      "col13": "",
      "Peso \nPróprio": "5,25",
      "Volume\nde \nConcreto": "0,210"
    },
    {
      "Altura \ndo \nMolde": "30,0",
      "Espessura \nda Lâmina": "5,0",
      "Altura \nTotal": "35,0",
      "Largura da Nervura": "12,0",
      "col5": "22,2",
      "col6": "17,1",
      "Área da \nSeção": "843",
      "Distância do C. G à": "12,2",
      "col9": "22,8",
      "Inércia": "89505",
      "col11": "25,3",
      "Volume do Vazio": "0,072",
      "col13": "0,165",
      "Peso \nPróprio": "4,63",
      "Volume\nde \nConcreto": "0,185"
    },
    {
      "Altura \ndo \nMolde": "",
      "Espessura \nda Lâmina": "7,5",
      "Altura \nTotal": "37,5",
      "Largura da Nervura": "",
      "col5": "",
      "col6": "",
      "Área da \nSeção": "1008",
      "Distância do C. G à": "12,5",
      "col9": "25,0",
      "Inércia": "114715",
      "col11": "27,5",
      "Volume do Vazio": "",
      "col13": "",
      "Peso \nPróprio": "5,25",
      "Volume\nde \nConcreto": "0,210"
    },
    {
      "Altura \ndo \nMolde": "",
      "Espessura \nda Lâmina": "10,0",
      "Altura \nTotal": "40,0",
      "Largura da Nervura": "",
      "col5": "",
      "col6": "",
      "Área da \nSeção": "1173",
      "Distância do C. G à": "13,1",
      "col9": "26,9",
      "Inércia": "141746",
      "col11": "29,5",
      "Volume do Vazio": "",
      "col13": "",
      "Peso \nPróprio": "5,88",
      "Volume\nde \nConcreto": "0,235"
    },
    {
      "Altura \ndo \nMolde": "d1",
      "Espessura \nda Lâmina": "ds",
      "Altura \nTotal": "D",
      "Largura da Nervura": "bi",
      "col5": "bs",
      "col6": "br",
      "Área da \nSeção": "A",
      "Distância do C. G à": "rs",
      "col9": "ri",
      "Inércia": "I",
      "col11": "heq",
      "Volume do Vazio": "v/v",
      "col13": "",
      "Peso \nPróprio": "Concreto 25 kN/m³",
      "Volume\nde \nConcreto": ""
    }
  ]
}