{
  "Atex 800": [
    {
      "Altura \ndo \nMolde": "",
      "Espessura \nda Lâmina": "",
      "Altura \nTotal": "",
      "Largura da Nervura": "Inferior",
      "col5": "Superior",
      "col6": "Média",
      "Área da \nSeção": "",
      "Distância do C. G à": "Face \nSuperior",
      "col9": "Face \nInferior",
      "Inércia": "Inércia por\nNervura",
      "col11": "Altura \nEquivalente",
      "Volume do Vazio": "",
      "col13": "",
      "Peso \nPróprio": "",
      "Volume\nde \nConcreto": ""
    },
    {
      "Altura \ndo \nMolde": "cm",
      "Espessura \nda Lâmina": "cm",
      "Altura \nTotal": "cm",
      "Largura da Nervura": "cm",
      "col5": "cm",
      "col6": "cm",
      "Área da \nSeção": "cm²",
      "Distância do C. G à": "cm",
      "col9": "cm",
      "Inércia": "cm4",
      "col11": "cm",
      "Volume do Vazio": "m³",
      "col13": "m³/m²",
      "Peso \nPróprio": "KN/m²",
      "Volume\nde \nConcreto": "m³/m²"
    },
    {
      "Altura \ndo \nMolde": "10,0",
      "Espessura \nda Lâmina": "5,0",
      "Altura \nTotal": "15,0",
      "Largura da Nervura": "12,5",
      "col5": "13,3",
      "col6": "12,9",
      "Área da \nSeção": "529",
      "Distância do C. G à": "4,3",
      "col9": "10,7",
      "Inércia": "7319",
      "col11": "10,3",
      "Volume do Vazio": "0,045",
      "col13": "0,070",
      "Peso \nPróprio": "2,00",
      "Volume\nde \nConcreto": "0,080"
    },
    {
      "Altura \ndo \nMolde": "",
      "Espessura \nda Lâmina": "7,5",
      "Altura \nTotal": "17,5",
      "Largura da Nervura": "",
      "col5": "",
      "col6": "",
      "Área da \nSeção": "729",
      "Distância do C. G à": "5,3",
      "col9": "12,2",
      "Inércia": "11920",
      "col11": "12,1",
      "Volume do Vazio": "",
      "col13": "",
      "Peso \nPróprio": "2,63",
      "Volume\nde \nConcreto": "0,105"
    },
    {
      "Altura \ndo \nMolde": "",
      "Espessura \nda Lâmina": "10,0",
      "Altura \nTotal": "20,0",
      "Largura da Nervura": "",
      "col5": "",
      "col6": "",
      "Área da \nSeção": "929",
      "Distância do C. G à": "6,4",
      "col9": "13,6",
      "Inércia": "18736",
      "col11": "14,1",
      "Volume do Vazio": "",
      "col13": "",
      "Peso \nPróprio": "3,25",
      "Volume\nde \nConcreto": "0,130"
    },
    {
      "Altura \ndo \nMolde": "15,0",
      "Espessura \nda Lâmina": "5,0",
      "Altura \nTotal": "20,0",
      "Largura da Nervura": "12,5",
      "col5": "13,8",
      "col6": "13,2",
      "Área da \nSeção": "597",
      "Distância do C. G à": "5,8",
      "col9": "14,2",
      "Inércia": "17415",
      "col11": "13,8",
      "Volume do Vazio": "0,067",
      "col13": "0,105",
      "Peso \nPróprio": "2,38",
      "Volume\nde \nConcreto": "0,095"
    },
    {
      "Altura \ndo \nMolde": "",
      "Espessura \nda Lâmina": "7,5",
      "Altura \nTotal": "22,5",
      "Largura da Nervura": "",
      "col5": "",
      "col6": "",
      "Área da \nSeção": "797",
      "Distância do C. G à": "6,5",
      "col9": "16,0",
      "Inércia": "24885",
      "col11": "15,5",
      "Volume do Vazio": "",
      "col13": "",
      "Peso \nPróprio": "3,00",
      "Volume\nde \nConcreto": "0,120"
    },
    {
      "Altura \ndo \nMolde": "",
      "Espessura \nda Lâmina": "10,0",
      "Altura \nTotal": "25,0",
      "Largura da Nervura": "",
      "col5": "",
      "col6": "",
      "Área da \nSeção": "997",
      "Distância do C. G à": "7,5",
      "col9": "17,6",
      "Inércia": "34600",
      "col11": "17,3",
      "Volume do Vazio": "",
      "col13": "",
      "Peso \nPróprio": "3,63",
      "Volume\nde \nConcreto": "0,145"
    },
    {
      "Altura \ndo \nMolde": "20,0",
      "Espessura \nda Lâmina": "5,0",
      "Altura \nTotal": "25,0",
      "Largura da Nervura": "12,5",
      "col5": "15,6",
      "col6": "14,0",
      "Área da \nSeção": "681",
      "Distância do C. G à": "7,5",
      "col9": "17,5",
      "Inércia": "34444",
      "col11": "17,3",
      "Volume do Vazio": "0,087",
      "col13": "0,136",
      "Peso \nPróprio": "2,85",
      "Volume\nde \nConcreto": "0,114"
    },
    {
      "Altura \ndo \nMolde": "",
      "Espessura \nda Lâmina": "7,5",
      "Altura \nTotal": "27,5",
      "Largura da Nervura": "",
      "col5": "",
      "col6": "",
      "Área da \nSeção": "881",
      "Distância do C. G à": "8,0",
      "col9": "19,5",
      "Inércia": "46395",
      "col11": "19,1",
      "Volume do Vazio": "",
      "col13": "",
      "Peso \nPróprio": "3,48",
      "Volume\nde \nConcreto": "0,139"
    },
    {
      "Altura \ndo \nMolde": "",
      "Espessura \nda Lâmina": "10,0",
      "Altura \nTotal": "30,0",
      "Largura da Nervura": "",
      "col5": "",
      "col6": "",
      "Área da \nSeção": "1081",
      "Distância do C. G à": "8,8",
      "col9": "21,2",
      "Inércia": "60494",
      "col11": "20,9",
      "Volume do Vazio": "",
      "col13": "",
      "Peso \nPróprio": "4,10",
      "Volume\nde \nConcreto": "0,164"
    },
    {
      "Altura \ndo \nMolde": "25,0",
      "Espessura \nda Lâmina": "5,0",
      "Altura \nTotal": "30,0",
      "Largura da Nervura": "12,5",
      "col5": "17,1",
      "col6": "14,8",
      "Área da \nSeção": "770",
      "Distância do C. G à": "9,4",
      "col9": "20,6",
      "Inércia": "59543",
      "col11": "20,7",
      "Volume do Vazio": "0,106",
      "col13": "0,166",
      "Peso \nPróprio": "3,35",
      "Volume\nde \nConcreto": "0,134"
    },
    {
      "Altura \ndo \nMolde": "",
      "Espessura \nda Lâmina": "7,5",
      "Altura \nTotal": "32,5",
      "Largura da Nervura": "",
      "col5": "",
      "col6": "",
      "Área da \nSeção": "970",
      "Distância do C. G à": "9,7",
      "col9": "22,8",
      "Inércia": "77643",
      "col11": "22,7",
      "Volume do Vazio": "",
      "col13": "",
      "Peso \nPróprio": "3,98",
      "Volume\nde \nConcreto": "0,159"
    },
    {
      "Altura \ndo \nMolde": "",
      "Espessura \nda Lâmina": "10,0",
      "Altura \nTotal": "35,0",
      "Largura da Nervura": "",
      "col5": "",
      "col6": "",
      "Área da \nSeção": "1170",
      "Distância do C. G à": "10,3",
      "col9": "24,7",
      "Inércia": "97633",
      "col11": "24,5",
      "Volume do Vazio": "",
      "col13": "",
      "Peso \nPróprio": "4,60",
      "Volume\nde \nConcreto": "0,184"
    },
    {
      "Altura \ndo \nMolde": "30,0",
      "Espessura \nda Lâmina": "5,0",
      "Altura \nTotal": "35,0",
      "Largura da Nervura": "12,5",
      "col5": "20,0",
      "col6": "16,3",
      "Área da \nSeção": "888",
      "Distância do C. G à": "11,5",
      "col9": "23,5",
      "Inércia": "95455",
      "col11": "24,3",
      "Volume do Vazio": "0,122",
      "col13": "0,191",
      "Peso \nPróprio": "3,98",
      "Volume\nde \nConcreto": "0,159"
    },
    {
      "Altura \ndo \nMolde": "",
      "Espessura \nda Lâmina": "7,5",
      "Altura \nTotal": "37,5",
      "Largura da Nervura": "",
      "col5": "",
      "col6": "",
      "Área da \nSeção": "1088",
      "Distância do C. G à": "11,6",
      "col9": "25,9",
      "Inércia": "122004",
      "col11": "26,4",
      "Volume do Vazio": "",
      "col13": "",
      "Peso \nPróprio": "4,60",
      "Volume\nde \nConcreto": "0,184"
    },
    {
      "Altura \ndo \nMolde": "",
      "Espessura \nda Lâmina": "10,0",
      "Altura \nTotal": "40,0",
      "Largura da Nervura": "",
      "col5": "",
      "col6": "",
      "Área da \nSeção": "1288",
      "Distância do C. G à": "12,1",
      "col9": "27,9",
      "Inércia": "150168",
      "col11": "28,2",
      "Volume do Vazio": "",
      "col13": "",
      "Peso \nPróprio": "5,23",
      "Volume\nde \nConcreto": "0,209"
    },
    {
      "Altura \ndo \nMolde": "35,0",
      "Espessura \nda Lâmina": "5,0",
      "Altura \nTotal": "40,0",
      "Largura da Nervura": "12,5",
      "col5": "22,5",
      "col6": "17,5",
      "Área da \nSeção": "1013",
      "Distância do C. G à": "13,6",
      "col9": "26,4",
      "Inércia": "142989",
      "col11": "27,8",
      "Volume do Vazio": "0,137",
      "col13": "0,214",
      "Peso \nPróprio": "4,65",
      "Volume\nde \nConcreto": "0,186"
    },
    {
      "Altura \ndo \nMolde": "",
      "Espessura \nda Lâmina": "7,5",
      "Altura \nTotal": "42,5",
      "Largura da Nervura": "",
      "col5": "",
      "col6": "",
      "Área da \nSeção": "1213",
      "Distância do C. G à": "13,6",
      "col9": "28,9",
      "Inércia": "179875",
      "col11": "30,0",
      "Volume do Vazio": "",
      "col13": "",
      "Peso \nPróprio": "5,28",
      "Volume\nde \nConcreto": "0,211"
    },
    {
      "Altura \ndo \nMolde": "",
      "Espessura \nda Lâmina": "10,0",
      "Altura \nTotal": "45,0",
      "Largura da Nervura": "",
      "col5": "",
      "col6": "",
      "Área da \nSeção": "1413",
      "Distância do C. G à": "14,0",
      "col9": "31,0",
      "Inércia": "218057",
      "col11": "32,0",
      "Volume do Vazio": "",
      "col13": "",
      "Peso \nPróprio": "5,90",
      "Volume\nde \nConcreto": "0,236"
    },
    {
      "Altura \ndo \nMolde": "40,0",
      "Espessura \nda Lâmina": "5,0",
      "Altura \nTotal": "45,0",
      "Largura da Nervura": "12,5",
      "col5": "25,8",
      "col6": "19,2",
      "Área da \nSeção": "1166",
      "Distância do C. G à": "15,8",
      "col9": "29,2",
      "Inércia": "205926",
      "col11": "31,4",
      "Volume do Vazio": "0,148",
      "col13": "0,231",
      "Peso \nPróprio": "5,48",
      "Volume\nde \nConcreto": "0,219"
    },
    {
      "Altura \ndo \nMolde": "",
      "Espessura \nda Lâmina": "7,5",
      "Altura \nTotal": "47,5",
      "Largura da Nervura": "",
      "col5": "",
      "col6": "",
      "Área da \nSeção": "1366",
      "Distância do C. G à": "15,8",
      "col9": "31,7",
      "Inércia": "255428",
      "col11": "33,7",
      "Volume do Vazio": "",
      "col13": "",
      "Peso \nPróprio": "6,10",
      "Volume\nde \nConcreto": "0,244"
    },
    {
      "Altura \ndo \nMolde": "",
      "Espessura \nda Lâmina": "10,0",
      "Altura \nTotal": "50,0",
      "Largura da Nervura": "",
      "col5": "",
      "col6": "",
      "Área da \nSeção": "1566",
      "Distância do C. G à": "16,1",
      "col9": "33,9",
      "Inércia": "306124",
      "col11": "35,8",
      "Volume do Vazio": "",
      "col13": "",
      "Peso \nPróprio": "6,73",
      "Volume\nde \nConcreto": "0,269"
    },
    {
      "Altura \ndo \nMolde": "50,0",
      "Espessura \nda Lâmina": "5,0",
      "Altura \nTotal": "55,0",
      "Largura da Nervura": "12,5",
      "col5": "31,8",
      "col6": "22,2",
      "Área da \nSeção": "1508",
      "Distância do C. G à": "20,0",
      "col9": "35,0",
      "Inércia": "384394",
      "col11": "38,6",
      "Volume do Vazio": "0,169",
      "col13": "0,264",
      "Peso \nPróprio": "7,23",
      "Volume\nde \nConcreto": "0,289"
    },
    {
      "Altura \ndo \nMolde": "",
      "Espessura \nda Lâmina": "7,5",
      "Altura \nTotal": "57,5",
      "Largura da Nervura": "",
      "col5": "",
      "col6": "",
      "Área da \nSeção": "1708",
      "Distância do C. G à": "20,0",
      "col9": "37,5",
      "Inércia": "464502",
      "col11": "41,1",
      "Volume do Vazio": "",
      "col13": "",
      "Peso \nPróprio": "7,85",
      "Volume\nde \nConcreto": "0,314"
    },
    {
      "Altura \ndo \nMolde": "",
      "Espessura \nda Lâmina": "10,0",
      "Altura \nTotal": "60,0",
      "Largura da Nervura": "",
      "col5": "",
      "col6": "",
      "Área da \nSeção": "1908",
      "Distância do C. G à": "20,3",
      "col9": "39,7",
      "Inércia": "545775",
      "col11": "43,4",
      "Volume do Vazio": "",
      "col13": "",
      "Peso \nPróprio": "8,48",
      "Volume\nde \nConcreto": "0,339"
    },
    {
      "Altura \ndo \nMolde": "d1",
      "Espessura \nda Lâmina": "ds",
      "Altura \nTotal": "D",
      "Largura da Nervura": "bi",
      "col5": "bs",
      "col6": "br",
      "Área da \nSeção": "A",
      "Distância do C. G à": "rs",
      "col9": "ri",
      "Inércia": "I",
      "col11": "heq",
      "Volume do Vazio": "v/v",
      "col13": "",
      "Peso \nPróprio": "Concreto 25 kN/m³",
      "Volume\nde \nConcreto": ""
    }
  ]
}