{
  "Atex 755U": [
    {
      "Altura\ndo \nMolde": "",
      "Espessura \nda Lâmina": "",
      "Altura \nTotal": "",
      "Largura da Nervura": "Inferior",
      "col5": "Superior",
      "col6": "Média",
      "Área da \nSeção": "",
      "Distância do C. G à": "Face Supe-\nrior",
      "col9": "Face \nInferior",
      "Inércia": "Inércia por \nNervura",
      "col11": "Altura \nEquivalente",
      "Peso \nPróprio": "",
      "Volume de \nConcreto": ""
    },
    {
      "Altura\ndo \nMolde": "cm",
      "Espessura \nda Lâmina": "cm",
      "Altura \nTotal": "cm",
      "Largura da Nervura": "cm",
      "col5": "cm",
      "col6": "cm",
      "Área da \nSeção": "cm²",
      "Distância do C. G à": "cm",
      "col9": "cm",
      "Inércia": "cm4",
      "col11": "cm",
      "Peso \nPróprio": "KN/m²",
      "Volume de \nConcreto": "m³/m²"
    },
    {
      "Altura\ndo \nMolde": "10,0",
      "Espessura \nda Lâmina": "5,0",
      "Altura \nTotal": "15,0",
      "Largura da Nervura": "8,0",
      "col5": "8,8",
      "col6": "8,4",
      "Área da \nSeção": "462",
      "Distância do C. G à": "3,9",
      "col9": "11,2",
      "Inércia": "5270",
      "col11": "9,4",
      "Peso \nPróprio": "1,53",
      "Volume de \nConcreto": "0,061"
    },
    {
      "Altura\ndo \nMolde": "",
      "Espessura \nda Lâmina": "7,5",
      "Altura \nTotal": "17,5",
      "Largura da Nervura": "",
      "col5": "",
      "col6": "",
      "Área da \nSeção": "650",
      "Distância do C. G à": "4,9",
      "col9": "12,6",
      "Inércia": "8853",
      "col11": "11,2",
      "Peso \nPróprio": "2,15",
      "Volume de \nConcreto": "0,086"
    },
    {
      "Altura\ndo \nMolde": "",
      "Espessura \nda Lâmina": "10,0",
      "Altura \nTotal": "20,0",
      "Largura da Nervura": "",
      "col5": "",
      "col6": "",
      "Área da \nSeção": "839",
      "Distância do C. G à": "6,0",
      "col9": "14,0",
      "Inércia": "14431",
      "col11": "13,2",
      "Peso \nPróprio": "2,78",
      "Volume de \nConcreto": "0,111"
    },
    {
      "Altura\ndo \nMolde": "15,0",
      "Espessura \nda Lâmina": "5,0",
      "Altura \nTotal": "20,0",
      "Largura da Nervura": "8,0",
      "col5": "9,3",
      "col6": "8,7",
      "Área da \nSeção": "507",
      "Distância do C. G à": "5,0",
      "col9": "15,0",
      "Inércia": "12511",
      "col11": "12,6",
      "Peso \nPróprio": "1,68",
      "Volume de \nConcreto": "0,067"
    },
    {
      "Altura\ndo \nMolde": "",
      "Espessura \nda Lâmina": "7,5",
      "Altura \nTotal": "22,5",
      "Largura da Nervura": "",
      "col5": "",
      "col6": "",
      "Área da \nSeção": "696",
      "Distância do C. G à": "5,8",
      "col9": "16,7",
      "Inércia": "18000",
      "col11": "14,2",
      "Peso \nPróprio": "2,30",
      "Volume de \nConcreto": "0,092"
    },
    {
      "Altura\ndo \nMolde": "",
      "Espessura \nda Lâmina": "10,0",
      "Altura \nTotal": "25,0",
      "Largura da Nervura": "",
      "col5": "",
      "col6": "",
      "Área da \nSeção": "885",
      "Distância do C. G à": "6,8",
      "col9": "18,2",
      "Inércia": "25504",
      "col11": "15,9",
      "Peso \nPróprio": "2,93",
      "Volume de \nConcreto": "0,117"
    },
    {
      "Altura\ndo \nMolde": "20,0",
      "Espessura \nda Lâmina": "5,0",
      "Altura \nTotal": "25,0",
      "Largura da Nervura": "8,0",
      "col5": "11,1",
      "col6": "9,6",
      "Área da \nSeção": "569",
      "Distância do C. G à": "6,5",
      "col9": "18,5",
      "Inércia": "25236",
      "col11": "15,9",
      "Peso \nPróprio": "1,88",
      "Volume de \nConcreto": "0,075"
    },
    {
      "Altura\ndo \nMolde": "",
      "Espessura \nda Lâmina": "7,5",
      "Altura \nTotal": "27,5",
      "Largura da Nervura": "",
      "col5": "",
      "col6": "",
      "Área da \nSeção": "757",
      "Distância do C. G à": "7,1",
      "col9": "20,4",
      "Inércia": "33885",
      "col11": "17,5",
      "Peso \nPróprio": "2,50",
      "Volume de \nConcreto": "0,100"
    },
    {
      "Altura\ndo \nMolde": "",
      "Espessura \nda Lâmina": "10,0",
      "Altura \nTotal": "30,0",
      "Largura da Nervura": "",
      "col5": "",
      "col6": "",
      "Área da \nSeção": "946",
      "Distância do C. G à": "7,9",
      "col9": "22,1",
      "Inércia": "44471",
      "col11": "19,2",
      "Peso \nPróprio": "3,13",
      "Volume de \nConcreto": "0,125"
    },
    {
      "Altura\ndo \nMolde": "25,0",
      "Espessura \nda Lâmina": "5,0",
      "Altura \nTotal": "30,0",
      "Largura da Nervura": "8,0",
      "col5": "12,6",
      "col6": "10,3",
      "Área da \nSeção": "635",
      "Distância do C. G à": "8,2",
      "col9": "21,8",
      "Inércia": "44278",
      "col11": "19,2",
      "Peso \nPróprio": "2,10",
      "Volume de \nConcreto": "0,084"
    },
    {
      "Altura\ndo \nMolde": "",
      "Espessura \nda Lâmina": "7,5",
      "Altura \nTotal": "32,5",
      "Largura da Nervura": "",
      "col5": "",
      "col6": "",
      "Área da \nSeção": "824",
      "Distância do C. G à": "8,5",
      "col9": "24,0",
      "Inércia": "57385",
      "col11": "20,9",
      "Peso \nPróprio": "2,73",
      "Volume de \nConcreto": "0,109"
    },
    {
      "Altura\ndo \nMolde": "",
      "Espessura \nda Lâmina": "10,0",
      "Altura \nTotal": "35,0",
      "Largura da Nervura": "",
      "col5": "",
      "col6": "",
      "Área da \nSeção": "1013",
      "Distância do C. G à": "9,2",
      "col9": "25,8",
      "Inércia": "72197",
      "col11": "22,6",
      "Peso \nPróprio": "3,35",
      "Volume de \nConcreto": "0,134"
    },
    {
      "Altura\ndo \nMolde": "30,0",
      "Espessura \nda Lâmina": "5,0",
      "Altura \nTotal": "35,0",
      "Largura da Nervura": "8,0",
      "col5": "15,5",
      "col6": "11,8",
      "Área da \nSeção": "730",
      "Distância do C. G à": "10,2",
      "col9": "24,8",
      "Inércia": "72435",
      "col11": "22,6",
      "Peso \nPróprio": "2,43",
      "Volume de \nConcreto": "0,097"
    },
    {
      "Altura\ndo \nMolde": "",
      "Espessura \nda Lâmina": "7,5",
      "Altura \nTotal": "37,5",
      "Largura da Nervura": "",
      "col5": "",
      "col6": "",
      "Área da \nSeção": "919",
      "Distância do C. G à": "10,3",
      "col9": "27,2",
      "Inércia": "92126",
      "col11": "24,5",
      "Peso \nPróprio": "3,05",
      "Volume de \nConcreto": "0,122"
    },
    {
      "Altura\ndo \nMolde": "",
      "Espessura \nda Lâmina": "10,0",
      "Altura \nTotal": "40,0",
      "Largura da Nervura": "",
      "col5": "",
      "col6": "",
      "Área da \nSeção": "1108",
      "Distância do C. G à": "10,9",
      "col9": "29,1",
      "Inércia": "113227",
      "col11": "26,2",
      "Peso \nPróprio": "3,68",
      "Volume de \nConcreto": "0,147"
    },
    {
      "Altura\ndo \nMolde": "35,0",
      "Espessura \nda Lâmina": "5,0",
      "Altura \nTotal": "40,0",
      "Largura da Nervura": "8,0",
      "col5": "18,0",
      "col6": "13,0",
      "Área da \nSeção": "833",
      "Distância do C. G à": "12,2",
      "col9": "27,8",
      "Inércia": "109995",
      "col11": "26,0",
      "Peso \nPróprio": "2,75",
      "Volume de \nConcreto": "0,110"
    },
    {
      "Altura\ndo \nMolde": "",
      "Espessura \nda Lâmina": "7,5",
      "Altura \nTotal": "42,5",
      "Largura da Nervura": "",
      "col5": "",
      "col6": "",
      "Área da \nSeção": "1021",
      "Distância do C. G à": "12,2",
      "col9": "30,3",
      "Inércia": "137947",
      "col11": "28,0",
      "Peso \nPróprio": "3,38",
      "Volume de \nConcreto": "0,135"
    },
    {
      "Altura\ndo \nMolde": "",
      "Espessura \nda Lâmina": "10,0",
      "Altura \nTotal": "45,0",
      "Largura da Nervura": "",
      "col5": "",
      "col6": "",
      "Área da \nSeção": "1210",
      "Distância do C. G à": "12,6",
      "col9": "32,4",
      "Inércia": "166942",
      "col11": "29,8",
      "Peso \nPróprio": "4,00",
      "Volume de \nConcreto": "0,160"
    },
    {
      "Altura\ndo \nMolde": "40,0",
      "Espessura \nda Lâmina": "5,0",
      "Altura \nTotal": "45,0",
      "Largura da Nervura": "8,0",
      "col5": "21,3",
      "col6": "14,7",
      "Área da \nSeção": "964",
      "Distância do C. G à": "14,3",
      "col9": "30,7",
      "Inércia": "160623",
      "col11": "29,5",
      "Peso \nPróprio": "3,20",
      "Volume de \nConcreto": "0,128"
    },
    {
      "Altura\ndo \nMolde": "",
      "Espessura \nda Lâmina": "7,5",
      "Altura \nTotal": "47,5",
      "Largura da Nervura": "",
      "col5": "",
      "col6": "",
      "Área da \nSeção": "1152",
      "Distância do C. G à": "14,3",
      "col9": "33,2",
      "Inércia": "199101",
      "col11": "31,6",
      "Peso \nPróprio": "3,83",
      "Volume de \nConcreto": "0,153"
    },
    {
      "Altura\ndo \nMolde": "",
      "Espessura \nda Lâmina": "10,0",
      "Altura \nTotal": "50,0",
      "Largura da Nervura": "",
      "col5": "",
      "col6": "",
      "Área da \nSeção": "1341",
      "Distância do C. G à": "14,6",
      "col9": "35,4",
      "Inércia": "238363",
      "col11": "33,6",
      "Peso \nPróprio": "4,45",
      "Volume de \nConcreto": "0,178"
    },
    {
      "Altura\ndo \nMolde": "50,0",
      "Espessura \nda Lâmina": "5,0",
      "Altura \nTotal": "55,0",
      "Largura da Nervura": "8,0",
      "col5": "27,3",
      "col6": "17,7",
      "Área da \nSeção": "1260",
      "Distância do C. G à": "18,6",
      "col9": "36,4",
      "Inércia": "305506",
      "col11": "36,5",
      "Peso \nPróprio": "4,18",
      "Volume de \nConcreto": "0,167"
    },
    {
      "Altura\ndo \nMolde": "",
      "Espessura \nda Lâmina": "7,5",
      "Altura \nTotal": "57,5",
      "Largura da Nervura": "",
      "col5": "",
      "col6": "",
      "Área da \nSeção": "1449",
      "Distância do C. G à": "18,5",
      "col9": "39,0",
      "Inércia": "370090",
      "col11": "38,9",
      "Peso \nPróprio": "4,80",
      "Volume de \nConcreto": "0,192"
    },
    {
      "Altura\ndo \nMolde": "",
      "Espessura \nda Lâmina": "10,0",
      "Altura \nTotal": "60,0",
      "Largura da Nervura": "",
      "col5": "",
      "col6": "",
      "Área da \nSeção": "1638",
      "Distância do C. G à": "18,7",
      "col9": "41,3",
      "Inércia": "435244",
      "col11": "41,1",
      "Peso \nPróprio": "5,43",
      "Volume de \nConcreto": "0,217"
    },
    {
      "Altura\ndo \nMolde": "d1",
      "Espessura \nda Lâmina": "ds",
      "Altura \nTotal": "D",
      "Largura da Nervura": "bi",
      "col5": "bs",
      "col6": "br",
      "Área da \nSeção": "A",
      "Distância do C. G à": "rs",
      "col9": "ri",
      "Inércia": "I",
      "col11": "heq",
      "Peso \nPróprio": "Concreto 25 kN/m³",
      "Volume de \nConcreto": ""
    },
    {
      "Altura\ndo \nMolde": "5 \n72,5* 12,\n2,5\nabas diferentes *Utilizando Anulador de Nervura,  80 67,5Fôrma\n80 eulseem reéngtuoa i ndtee r3m cemdi ádreio l aerngturera f ôrmas,  12,5 \n6,25 apoiando abas de 2,5 cm. 40 27,51/2 Fôrma\n5 \nbs 75,5 ds 12,\nConcreto Anulador\n40 1015202530354050 Sistema br d1 D de Nervura\n6,25 Cabetex 67,5\nMeia fôrma (para completar onde não couber fôrma inteira). 2,5 deR é3g cuma bi Fôrma Atex",
      "Espessura \nda Lâmina": "",
      "Altura \nTotal": "",
      "Largura da Nervura": "",
      "col5": "",
      "col6": "",
      "Área da \nSeção": "",
      "Distância do C. G à": "",
      "col9": "",
      "Inércia": "",
      "col11": "",
      "Peso \nPróprio": "",
      "Volume de \nConcreto": ""
    }
  ]
}