{
  "Atex 700": [
    {
      "Altura \ndo \nMolde": "",
      "Espessura \nda Lâmina": "",
      "Altura \nTotal": "",
      "Largura da Nervura": "Inferior",
      "col5": "Superior",
      "col6": "Média",
      "Área da \nSeção": "",
      "Distância do C. G à": "Face \nSuperior",
      "col9": "Face \nInferior",
      "Inércia": "Inércia por \nNervura",
      "col11": "Altura \nEquivalente",
      "Volume do Vazio": "",
      "col13": "",
      "Peso \nPróprio": "",
      "Volume\nde \nConcreto": ""
    },
    {
      "Altura \ndo \nMolde": "cm",
      "Espessura \nda Lâmina": "cm",
      "Altura \nTotal": "cm",
      "Largura da Nervura": "cm",
      "col5": "cm",
      "col6": "cm",
      "Área da \nSeção": "cm²",
      "Distância do C. G à": "cm",
      "col9": "cm",
      "Inércia": "cm4",
      "col11": "cm",
      "Volume do Vazio": "m³",
      "col13": "m³/m²",
      "Peso \nPróprio": "KN/m²",
      "Volume\nde \nConcreto": "m³/m²"
    },
    {
      "Altura \ndo \nMolde": "18,0",
      "Espessura \nda Lâmina": "5,0",
      "Altura \nTotal": "23,0",
      "Largura da Nervura": "12,0",
      "col5": "14,2",
      "col6": "13,1",
      "Área da \nSeção": "586",
      "Distância do C. G à": "7,0",
      "col9": "16,0",
      "Inércia": "24905",
      "col11": "16,2",
      "Volume do Vazio": "0,058",
      "col13": "0,119",
      "Peso \nPróprio": "2,78",
      "Volume\nde \nConcreto": "0,111"
    },
    {
      "Altura \ndo \nMolde": "",
      "Espessura \nda Lâmina": "7,5",
      "Altura \nTotal": "25,5",
      "Largura da Nervura": "",
      "col5": "",
      "col6": "",
      "Área da \nSeção": "761",
      "Distância do C. G à": "7,6",
      "col9": "17,9",
      "Inércia": "34229",
      "col11": "18,0",
      "Volume do Vazio": "",
      "col13": "",
      "Peso \nPróprio": "3,40",
      "Volume\nde \nConcreto": "0,136"
    },
    {
      "Altura \ndo \nMolde": "",
      "Espessura \nda Lâmina": "10,0",
      "Altura \nTotal": "28,0",
      "Largura da Nervura": "",
      "col5": "",
      "col6": "",
      "Área da \nSeção": "936",
      "Distância do C. G à": "8,5",
      "col9": "19,5",
      "Inércia": "45523",
      "col11": "19,8",
      "Volume do Vazio": "",
      "col13": "",
      "Peso \nPróprio": "4,03",
      "Volume\nde \nConcreto": "0,161"
    },
    {
      "Altura \ndo \nMolde": "21,0",
      "Espessura \nda Lâmina": "5,0",
      "Altura \nTotal": "26,0",
      "Largura da Nervura": "12,0",
      "col5": "15,0",
      "col6": "13,5",
      "Área da \nSeção": "634",
      "Distância do C. G à": "8,1",
      "col9": "17,9",
      "Inércia": "36015",
      "col11": "18,3",
      "Volume do Vazio": "0,067",
      "col13": "0,137",
      "Peso \nPróprio": "3,08",
      "Volume\nde \nConcreto": "0,123"
    },
    {
      "Altura \ndo \nMolde": "",
      "Espessura \nda Lâmina": "7,5",
      "Altura \nTotal": "28,5",
      "Largura da Nervura": "",
      "col5": "",
      "col6": "",
      "Área da \nSeção": "809",
      "Distância do C. G à": "8,6",
      "col9": "19,9",
      "Inércia": "48206",
      "col11": "20,2",
      "Volume do Vazio": "",
      "col13": "",
      "Peso \nPróprio": "3,70",
      "Volume\nde \nConcreto": "0,148"
    },
    {
      "Altura \ndo \nMolde": "",
      "Espessura \nda Lâmina": "10,0",
      "Altura \nTotal": "31,0",
      "Largura da Nervura": "",
      "col5": "",
      "col6": "",
      "Área da \nSeção": "984",
      "Distância do C. G à": "9,4",
      "col9": "21,6",
      "Inércia": "62285",
      "col11": "22,0",
      "Volume do Vazio": "",
      "col13": "",
      "Peso \nPróprio": "4,33",
      "Volume\nde \nConcreto": "0,173"
    },
    {
      "Altura \ndo \nMolde": "26,0",
      "Espessura \nda Lâmina": "5,0",
      "Altura \nTotal": "31,0",
      "Largura da Nervura": "12,0",
      "col5": "16,4",
      "col6": "14,2",
      "Área da \nSeção": "719",
      "Distância do C. G à": "10,1",
      "col9": "20,9",
      "Inércia": "60869",
      "col11": "21,9",
      "Volume do Vazio": "0,081",
      "col13": "0,165",
      "Peso \nPróprio": "3,63",
      "Volume\nde \nConcreto": "0,145"
    },
    {
      "Altura \ndo \nMolde": "",
      "Espessura \nda Lâmina": "7,5",
      "Altura \nTotal": "33,5",
      "Largura da Nervura": "",
      "col5": "",
      "col6": "",
      "Área da \nSeção": "894",
      "Distância do C. G à": "10,4",
      "col9": "23,1",
      "Inércia": "79131",
      "col11": "23,8",
      "Volume do Vazio": "",
      "col13": "",
      "Peso \nPróprio": "4,25",
      "Volume\nde \nConcreto": "0,170"
    },
    {
      "Altura \ndo \nMolde": "",
      "Espessura \nda Lâmina": "10,0",
      "Altura \nTotal": "36,0",
      "Largura da Nervura": "",
      "col5": "",
      "col6": "",
      "Área da \nSeção": "1069",
      "Distância do C. G à": "11,0",
      "col9": "25,0",
      "Inércia": "99047",
      "col11": "25,7",
      "Volume do Vazio": "",
      "col13": "",
      "Peso \nPróprio": "4,88",
      "Volume\nde \nConcreto": "0,195"
    },
    {
      "Altura \ndo \nMolde": "30,0",
      "Espessura \nda Lâmina": "5,0",
      "Altura \nTotal": "35,0",
      "Largura da Nervura": "12,0",
      "col5": "18,0",
      "col6": "15,0",
      "Área da \nSeção": "800",
      "Distância do C. G à": "11,8",
      "col9": "23,2",
      "Inércia": "87628",
      "col11": "24,7",
      "Volume do Vazio": "0,091",
      "col13": "0,186",
      "Peso \nPróprio": "4,13",
      "Volume\nde \nConcreto": "0,165"
    },
    {
      "Altura \ndo \nMolde": "",
      "Espessura \nda Lâmina": "7,5",
      "Altura \nTotal": "37,5",
      "Largura da Nervura": "",
      "col5": "",
      "col6": "",
      "Área da \nSeção": "975",
      "Distância do C. G à": "11,9",
      "col9": "25,6",
      "Inércia": "112103",
      "col11": "26,8",
      "Volume do Vazio": "",
      "col13": "",
      "Peso \nPróprio": "4,75",
      "Volume\nde \nConcreto": "0,190"
    },
    {
      "Altura \ndo \nMolde": "",
      "Espessura \nda Lâmina": "10,0",
      "Altura \nTotal": "40,0",
      "Largura da Nervura": "",
      "col5": "",
      "col6": "",
      "Área da \nSeção": "1150",
      "Distância do C. G à": "12,4",
      "col9": "27,6",
      "Inércia": "138016",
      "col11": "28,7",
      "Volume do Vazio": "",
      "col13": "",
      "Peso \nPróprio": "5,38",
      "Volume\nde \nConcreto": "0,215"
    },
    {
      "Altura \ndo \nMolde": "35,0",
      "Espessura \nda Lâmina": "5,0",
      "Altura \nTotal": "40,0",
      "Largura da Nervura": "12,0",
      "col5": "20,0",
      "col6": "16,0",
      "Área da \nSeção": "910",
      "Distância do C. G à": "13,9",
      "col9": "26,1",
      "Inércia": "130753",
      "col11": "28,2",
      "Volume do Vazio": "0,102",
      "col13": "0,208",
      "Peso \nPróprio": "4,80",
      "Volume\nde \nConcreto": "0,192"
    },
    {
      "Altura \ndo \nMolde": "",
      "Espessura \nda Lâmina": "7,5",
      "Altura \nTotal": "42,5",
      "Largura da Nervura": "",
      "col5": "",
      "col6": "",
      "Área da \nSeção": "1085",
      "Distância do C. G à": "14,0",
      "col9": "28,5",
      "Inércia": "164577",
      "col11": "30,4",
      "Volume do Vazio": "",
      "col13": "",
      "Peso \nPróprio": "5,43",
      "Volume\nde \nConcreto": "0,217"
    },
    {
      "Altura \ndo \nMolde": "",
      "Espessura \nda Lâmina": "10,0",
      "Altura \nTotal": "45,0",
      "Largura da Nervura": "",
      "col5": "",
      "col6": "",
      "Área da \nSeção": "1260",
      "Distância do C. G à": "14,4",
      "col9": "30,7",
      "Inércia": "199554",
      "col11": "32,5",
      "Volume do Vazio": "",
      "col13": "",
      "Peso \nPróprio": "6,05",
      "Volume\nde \nConcreto": "0,242"
    },
    {
      "Altura \ndo \nMolde": "40,0",
      "Espessura \nda Lâmina": "5,0",
      "Altura \nTotal": "45,0",
      "Largura da Nervura": "12,0",
      "col5": "22,2",
      "col6": "17,1",
      "Área da \nSeção": "1034",
      "Distância do C. G à": "16,1",
      "col9": "28,9",
      "Inércia": "186636",
      "col11": "31,7",
      "Volume do Vazio": "0,112",
      "col13": "0,229",
      "Peso \nPróprio": "5,55",
      "Volume\nde \nConcreto": "0,222"
    },
    {
      "Altura \ndo \nMolde": "",
      "Espessura \nda Lâmina": "7,5",
      "Altura \nTotal": "47,5",
      "Largura da Nervura": "",
      "col5": "",
      "col6": "",
      "Área da \nSeção": "1209",
      "Distância do C. G à": "16,1",
      "col9": "31,4",
      "Inércia": "231618",
      "col11": "34,1",
      "Volume do Vazio": "",
      "col13": "",
      "Peso \nPróprio": "6,18",
      "Volume\nde \nConcreto": "0,247"
    },
    {
      "Altura \ndo \nMolde": "",
      "Espessura \nda Lâmina": "10,0",
      "Altura \nTotal": "50,0",
      "Largura da Nervura": "",
      "col5": "",
      "col6": "",
      "Área da \nSeção": "1384",
      "Distância do C. G à": "16,4",
      "col9": "33,6",
      "Inércia": "277525",
      "col11": "36,1",
      "Volume do Vazio": "",
      "col13": "",
      "Peso \nPróprio": "6,80",
      "Volume\nde \nConcreto": "0,272"
    },
    {
      "Altura \ndo \nMolde": "d1",
      "Espessura \nda Lâmina": "ds",
      "Altura \nTotal": "D",
      "Largura da Nervura": "bi",
      "col5": "bs",
      "col6": "br",
      "Área da \nSeção": "A",
      "Distância do C. G à": "rs",
      "col9": "ri",
      "Inércia": "I",
      "col11": "heq",
      "Volume do Vazio": "v/v",
      "col13": "",
      "Peso \nPróprio": "Concreto 25 kN/m³",
      "Volume\nde \nConcreto": ""
    },
    {
      "Abas Iguais\n6 6 bs br bi Sentido das Fôrmas\nMeia fôrma  2,25\n(para completar  70 70\nonde não couber 62,5 70\nfôrma inteira)\n6 35 6 70 6 35 66 70 br bi\nd1 bs\n35 70 ds ds D d1\n35 70  ds ds D\nd1D\n182126303540 Complementar com  d1D Régua de\nrégua de 7,5 cm para  apoio para\napoiar as fôrmas. as fôrmas\n2,5 7,5 cm": "",
      "col2": "Régua de\napoio para\nas fôrmas\n7,5 cm"
    }
  ]
}