{
  "Atex 875U": [
    {
      "Altura\ndo \nMolde": "",
      "Espessura \nda Lâmina": "",
      "Altura \nTotal": "",
      "Largura da Nervura": "Inferior",
      "col5": "Superior",
      "col6": "Média",
      "Área da \nSeção": "",
      "Distância do C. G à": "Face \nSuperior",
      "col9": "Face \nInferior",
      "Inércia": "Inércia por \nNervura",
      "col11": "Altura \nEquivalente",
      "Peso \nPróprio": "",
      "Volume de \nConcreto": ""
    },
    {
      "Altura\ndo \nMolde": "cm",
      "Espessura \nda Lâmina": "cm",
      "Altura \nTotal": "cm",
      "Largura da Nervura": "cm",
      "col5": "cm",
      "col6": "cm",
      "Área da \nSeção": "cm²",
      "Distância do C. G à": "cm",
      "col9": "cm",
      "Inércia": "cm4",
      "col11": "cm",
      "Peso \nPróprio": "KN/m²",
      "Volume de \nConcreto": "m³/m²"
    },
    {
      "Altura\ndo \nMolde": "10,0",
      "Espessura \nda Lâmina": "5,0",
      "Altura \nTotal": "15,0",
      "Largura da Nervura": "20,0",
      "col5": "20,8",
      "col6": "20,4",
      "Área da \nSeção": "642",
      "Distância do C. G à": "4,9",
      "col9": "10,1",
      "Inércia": "10369",
      "col11": "11,2",
      "Peso \nPróprio": "1,83",
      "Volume de \nConcreto": "0,073"
    },
    {
      "Altura\ndo \nMolde": "",
      "Espessura \nda Lâmina": "7,5",
      "Altura \nTotal": "17,5",
      "Largura da Nervura": "",
      "col5": "",
      "col6": "",
      "Área da \nSeção": "860",
      "Distância do C. G à": "5,8",
      "col9": "11,7",
      "Inércia": "16602",
      "col11": "13,2",
      "Peso \nPróprio": "2,45",
      "Volume de \nConcreto": "0,098"
    },
    {
      "Altura\ndo \nMolde": "",
      "Espessura \nda Lâmina": "10,0",
      "Altura \nTotal": "20,0",
      "Largura da Nervura": "",
      "col5": "",
      "col6": "",
      "Área da \nSeção": "1079",
      "Distância do C. G à": "6,9",
      "col9": "13,1",
      "Inércia": "25427",
      "col11": "15,2",
      "Peso \nPróprio": "3,08",
      "Volume de \nConcreto": "0,123"
    },
    {
      "Altura\ndo \nMolde": "15,0",
      "Espessura \nda Lâmina": "5,0",
      "Altura \nTotal": "20,0",
      "Largura da Nervura": "20,0",
      "col5": "21,3",
      "col6": "20,7",
      "Área da \nSeção": "747",
      "Distância do C. G à": "6,6",
      "col9": "13,4",
      "Inércia": "24568",
      "col11": "15,0",
      "Peso \nPróprio": "2,13",
      "Volume de \nConcreto": "0,085"
    },
    {
      "Altura\ndo \nMolde": "",
      "Espessura \nda Lâmina": "7,5",
      "Altura \nTotal": "22,5",
      "Largura da Nervura": "",
      "col5": "",
      "col6": "",
      "Área da \nSeção": "966",
      "Distância do C. G à": "7,3",
      "col9": "15,2",
      "Inércia": "35143",
      "col11": "16,9",
      "Peso \nPróprio": "2,75",
      "Volume de \nConcreto": "0,110"
    },
    {
      "Altura\ndo \nMolde": "",
      "Espessura \nda Lâmina": "10,0",
      "Altura \nTotal": "25,0",
      "Largura da Nervura": "",
      "col5": "",
      "col6": "",
      "Área da \nSeção": "1185",
      "Distância do C. G à": "8,3",
      "col9": "16,8",
      "Inércia": "48394",
      "col11": "18,8",
      "Peso \nPróprio": "3,38",
      "Volume de \nConcreto": "0,135"
    },
    {
      "Altura\ndo \nMolde": "20,0",
      "Espessura \nda Lâmina": "5,0",
      "Altura \nTotal": "25,0",
      "Largura da Nervura": "20,0",
      "col5": "23,1",
      "col6": "21,6",
      "Área da \nSeção": "869",
      "Distância do C. G à": "8,6",
      "col9": "16,4",
      "Inércia": "47888",
      "col11": "18,7",
      "Peso \nPróprio": "2,48",
      "Volume de \nConcreto": "0,099"
    },
    {
      "Altura\ndo \nMolde": "",
      "Espessura \nda Lâmina": "7,5",
      "Altura \nTotal": "27,5",
      "Largura da Nervura": "",
      "col5": "",
      "col6": "",
      "Área da \nSeção": "1087",
      "Distância do C. G à": "9,1",
      "col9": "18,4",
      "Inércia": "64902",
      "col11": "20,7",
      "Peso \nPróprio": "3,10",
      "Volume de \nConcreto": "0,124"
    },
    {
      "Altura\ndo \nMolde": "",
      "Espessura \nda Lâmina": "10,0",
      "Altura \nTotal": "30,0",
      "Largura da Nervura": "",
      "col5": "",
      "col6": "",
      "Área da \nSeção": "1306",
      "Distância do C. G à": "9,9",
      "col9": "20,1",
      "Inércia": "84545",
      "col11": "22,6",
      "Peso \nPróprio": "3,73",
      "Volume de \nConcreto": "0,149"
    },
    {
      "Altura\ndo \nMolde": "25,0",
      "Espessura \nda Lâmina": "5,0",
      "Altura \nTotal": "30,0",
      "Largura da Nervura": "20,0",
      "col5": "24,6",
      "col6": "22,3",
      "Área da \nSeção": "995",
      "Distância do C. G à": "10,7",
      "col9": "19,3",
      "Inércia": "81885",
      "col11": "22,4",
      "Peso \nPróprio": "2,85",
      "Volume de \nConcreto": "0,114"
    },
    {
      "Altura\ndo \nMolde": "",
      "Espessura \nda Lâmina": "7,5",
      "Altura \nTotal": "32,5",
      "Largura da Nervura": "",
      "col5": "",
      "col6": "",
      "Área da \nSeção": "1214",
      "Distância do C. G à": "11,0",
      "col9": "21,5",
      "Inércia": "107451",
      "col11": "24,5",
      "Peso \nPróprio": "3,48",
      "Volume de \nConcreto": "0,139"
    },
    {
      "Altura\ndo \nMolde": "",
      "Espessura \nda Lâmina": "10,0",
      "Altura \nTotal": "35,0",
      "Largura da Nervura": "",
      "col5": "",
      "col6": "",
      "Área da \nSeção": "1433",
      "Distância do C. G à": "11,6",
      "col9": "23,4",
      "Inércia": "135454",
      "col11": "26,5",
      "Peso \nPróprio": "4,10",
      "Volume de \nConcreto": "0,164"
    },
    {
      "Altura\ndo \nMolde": "30,0",
      "Espessura \nda Lâmina": "5,0",
      "Altura \nTotal": "35,0",
      "Largura da Nervura": "20,0",
      "col5": "27,5",
      "col6": "23,8",
      "Área da \nSeção": "1150",
      "Distância do C. G à": "12,9",
      "col9": "22,2",
      "Inércia": "129596",
      "col11": "26,1",
      "Peso \nPróprio": "3,28",
      "Volume de \nConcreto": "0,131"
    },
    {
      "Altura\ndo \nMolde": "",
      "Espessura \nda Lâmina": "7,5",
      "Altura \nTotal": "37,5",
      "Largura da Nervura": "",
      "col5": "",
      "col6": "",
      "Área da \nSeção": "1369",
      "Distância do C. G à": "13,1",
      "col9": "24,4",
      "Inércia": "166266",
      "col11": "28,4",
      "Peso \nPróprio": "3,90",
      "Volume de \nConcreto": "0,156"
    },
    {
      "Altura\ndo \nMolde": "",
      "Espessura \nda Lâmina": "10,0",
      "Altura \nTotal": "40,0",
      "Largura da Nervura": "",
      "col5": "",
      "col6": "",
      "Área da \nSeção": "1588",
      "Distância do C. G à": "13,6",
      "col9": "26,4",
      "Inércia": "205215",
      "col11": "30,4",
      "Peso \nPróprio": "4,53",
      "Volume de \nConcreto": "0,181"
    },
    {
      "Altura\ndo \nMolde": "35,0",
      "Espessura \nda Lâmina": "5,0",
      "Altura \nTotal": "40,0",
      "Largura da Nervura": "20,0",
      "col5": "30,0",
      "col6": "25,0",
      "Área da \nSeção": "1313",
      "Distância do C. G à": "15,0",
      "col9": "25,0",
      "Inércia": "192496",
      "col11": "29,8",
      "Peso \nPróprio": "3,75",
      "Volume de \nConcreto": "0,150"
    },
    {
      "Altura\ndo \nMolde": "",
      "Espessura \nda Lâmina": "7,5",
      "Altura \nTotal": "42,5",
      "Largura da Nervura": "",
      "col5": "",
      "col6": "",
      "Área da \nSeção": "1531",
      "Distância do C. G à": "15,2",
      "col9": "27,3",
      "Inércia": "242461",
      "col11": "32,2",
      "Peso \nPróprio": "4,38",
      "Volume de \nConcreto": "0,175"
    },
    {
      "Altura\ndo \nMolde": "",
      "Espessura \nda Lâmina": "10,0",
      "Altura \nTotal": "45,0",
      "Largura da Nervura": "",
      "col5": "",
      "col6": "",
      "Área da \nSeção": "1750",
      "Distância do C. G à": "15,7",
      "col9": "29,3",
      "Inércia": "294535",
      "col11": "34,3",
      "Peso \nPróprio": "5,00",
      "Volume de \nConcreto": "0,200"
    },
    {
      "Altura\ndo \nMolde": "40,0",
      "Espessura \nda Lâmina": "5,0",
      "Altura \nTotal": "45,0",
      "Largura da Nervura": "20,0",
      "col5": "33,3",
      "col6": "26,6",
      "Área da \nSeção": "1504",
      "Distância do C. G à": "17,3",
      "col9": "27,7",
      "Inércia": "274768",
      "col11": "33,5",
      "Peso \nPróprio": "4,30",
      "Volume de \nConcreto": "0,172"
    },
    {
      "Altura\ndo \nMolde": "",
      "Espessura \nda Lâmina": "7,5",
      "Altura \nTotal": "47,5",
      "Largura da Nervura": "",
      "col5": "",
      "col6": "",
      "Área da \nSeção": "1722",
      "Distância do C. G à": "17,4",
      "col9": "30,1",
      "Inércia": "340404",
      "col11": "36,0",
      "Peso \nPróprio": "4,93",
      "Volume de \nConcreto": "0,197"
    },
    {
      "Altura\ndo \nMolde": "",
      "Espessura \nda Lâmina": "10,0",
      "Altura \nTotal": "50,0",
      "Largura da Nervura": "",
      "col5": "",
      "col6": "",
      "Área da \nSeção": "1941",
      "Distância do C. G à": "17,8",
      "col9": "32,2",
      "Inércia": "408179",
      "col11": "38,3",
      "Peso \nPróprio": "5,55",
      "Volume de \nConcreto": "0,222"
    },
    {
      "Altura\ndo \nMolde": "50,0",
      "Espessura \nda Lâmina": "5,0",
      "Altura \nTotal": "55,0",
      "Largura da Nervura": "20,0",
      "col5": "39,3",
      "col6": "29,7",
      "Área da \nSeção": "1920",
      "Distância do C. G à": "21,6",
      "col9": "33,4",
      "Inércia": "506422",
      "col11": "41,1",
      "Peso \nPróprio": "5,48",
      "Volume de \nConcreto": "0,219"
    },
    {
      "Altura\ndo \nMolde": "",
      "Espessura \nda Lâmina": "7,5",
      "Altura \nTotal": "57,5",
      "Largura da Nervura": "",
      "col5": "",
      "col6": "",
      "Área da \nSeção": "2139",
      "Distância do C. G à": "21,8",
      "col9": "35,7",
      "Inércia": "609424",
      "col11": "43,7",
      "Peso \nPróprio": "6,10",
      "Volume de \nConcreto": "0,244"
    },
    {
      "Altura\ndo \nMolde": "",
      "Espessura \nda Lâmina": "10,0",
      "Altura \nTotal": "60,0",
      "Largura da Nervura": "",
      "col5": "",
      "col6": "",
      "Área da \nSeção": "2358",
      "Distância do C. G à": "22,2",
      "col9": "37,8",
      "Inércia": "714961",
      "col11": "46,1",
      "Peso \nPróprio": "6,73",
      "Volume de \nConcreto": "0,269"
    },
    {
      "Altura\ndo \nMolde": "d1",
      "Espessura \nda Lâmina": "ds",
      "Altura \nTotal": "D",
      "Largura da Nervura": "bi",
      "col5": "bs",
      "col6": "br",
      "Área da \nSeção": "A",
      "Distância do C. G à": "rs",
      "col9": "ri",
      "Inércia": "I",
      "col11": "heq",
      "Peso \nPróprio": "Concreto 25 kN/m³",
      "Volume de \nConcreto": ""
    },
    {
      "Concreto": "Sistema\nCabetex\nRégua\nde 7,5 cm"
    }
  ]
}