{
  "Atex 600": [
    {
      "Altura do \nMolde": "",
      "Espessura \nda Lâmina": "",
      "Altura \nTotal": "",
      "Largura da Nervura": "Inferior",
      "col5": "Superior",
      "col6": "Média",
      "Área da \nSeção": "",
      "Distância do C. G à": "Face \nSuperior",
      "col9": "Face \nInferior",
      "Inércia": "Inércia por \nNervura",
      "col11": "Altura \nEquivalente",
      "Volume do Vazio": "",
      "col13": "",
      "Peso \nPróprio": "",
      "Volume\nde \nConcreto": ""
    },
    {
      "Altura do \nMolde": "cm",
      "Espessura \nda Lâmina": "cm",
      "Altura \nTotal": "cm",
      "Largura da Nervura": "cm",
      "col5": "cm",
      "col6": "cm",
      "Área da \nSeção": "cm²",
      "Distância do C. G à": "cm",
      "col9": "cm",
      "Inércia": "cm4",
      "col11": "cm",
      "Volume do Vazio": "m³",
      "col13": "m³/m²",
      "Peso \nPróprio": "KN/m²",
      "Volume\nde \nConcreto": "m³/m²"
    },
    {
      "Altura do \nMolde": "15,0",
      "Espessura \nda Lâmina": "5,0",
      "Altura \nTotal": "20,0",
      "Largura da Nervura": "6,0",
      "col5": "9,8",
      "col6": "7,9",
      "Área da \nSeção": "418",
      "Distância do C. G à": "5,2",
      "col9": "14,8",
      "Inércia": "10290",
      "col11": "12,7",
      "Volume do Vazio": "0,041",
      "col13": "0,113",
      "Peso \nPróprio": "2,18",
      "Volume\nde \nConcreto": "0,087"
    },
    {
      "Altura do \nMolde": "18,0",
      "Espessura \nda Lâmina": "5,0",
      "Altura \nTotal": "23,0",
      "Largura da Nervura": "8,0",
      "col5": "12,5",
      "col6": "10,3",
      "Área da \nSeção": "485",
      "Distância do C. G à": "6,6",
      "col9": "16,4",
      "Inércia": "18954",
      "col11": "15,6",
      "Volume do Vazio": "0,045",
      "col13": "0,124",
      "Peso \nPróprio": "2,65",
      "Volume\nde \nConcreto": "0,106"
    },
    {
      "Altura do \nMolde": "d1",
      "Espessura \nda Lâmina": "ds",
      "Altura \nTotal": "D",
      "Largura da Nervura": "bi",
      "col5": "bs",
      "col6": "br",
      "Área da \nSeção": "A",
      "Distância do C. G à": "rs",
      "col9": "ri",
      "Inércia": "I",
      "col11": "heq",
      "Volume do Vazio": "v/v",
      "col13": "",
      "Peso \nPróprio": "Concreto 25 kN/m³",
      "Volume\nde \nConcreto": ""
    }
  ]
}