{
  "Atex 900": [
    {
      "Altura \ndo \nMolde": "",
      "Espessura \nda Lâmina": "",
      "Altura \nTotal": "",
      "Largura da Nervura": "Inferior",
      "col5": "Superior",
      "col6": "Média",
      "Área da \nSeção": "",
      "Distância do C. G à": "Face \nSuperior",
      "col9": "Face \nInferior",
      "Inércia": "Inércia por \nNervura",
      "col11": "Altura \nEquivalente",
      "Volume do Vazio": "",
      "col13": "",
      "Peso \nPróprio": "",
      "Volume\nde \nConcreto": ""
    },
    {
      "Altura \ndo \nMolde": "cm",
      "Espessura \nda Lâmina": "cm",
      "Altura \nTotal": "cm",
      "Largura da Nervura": "cm",
      "col5": "cm",
      "col6": "cm",
      "Área da \nSeção": "cm²",
      "Distância do C. G à": "cm",
      "col9": "cm",
      "Inércia": "cm4",
      "col11": "cm",
      "Volume do Vazio": "m³",
      "col13": "m³/m²",
      "Peso \nPróprio": "KN/m²",
      "Volume\nde \nConcreto": "m³/m²"
    },
    {
      "Altura \ndo \nMolde": "22,5",
      "Espessura \nda Lâmina": "5,0",
      "Altura \nTotal": "27,5",
      "Largura da Nervura": "12,5",
      "col5": "21,5",
      "col6": "17,0",
      "Área da \nSeção": "816",
      "Distância do C. G à": "8,3",
      "col9": "19,2",
      "Inércia": "49561",
      "col11": "18,8",
      "Volume do Vazio": "0,116",
      "col13": "0,143",
      "Peso \nPróprio": "3,30",
      "Volume\nde \nConcreto": "0,132"
    },
    {
      "Altura \ndo \nMolde": "",
      "Espessura \nda Lâmina": "7,5",
      "Altura \nTotal": "30,0",
      "Largura da Nervura": "",
      "col5": "",
      "col6": "",
      "Área da \nSeção": "1040",
      "Distância do C. G à": "8,7",
      "col9": "21,3",
      "Inércia": "65670",
      "col11": "20,6",
      "Volume do Vazio": "",
      "col13": "",
      "Peso \nPróprio": "3,93",
      "Volume\nde \nConcreto": "0,157"
    },
    {
      "Altura \ndo \nMolde": "",
      "Espessura \nda Lâmina": "10,0",
      "Altura \nTotal": "32,5",
      "Largura da Nervura": "",
      "col5": "",
      "col6": "",
      "Área da \nSeção": "1266",
      "Distância do C. G à": "9,5",
      "col9": "23,0",
      "Inércia": "84158",
      "col11": "22,4",
      "Volume do Vazio": "",
      "col13": "",
      "Peso \nPróprio": "4,55",
      "Volume\nde \nConcreto": "0,182"
    },
    {
      "Altura \ndo \nMolde": "32,5",
      "Espessura \nda Lâmina": "5,0",
      "Altura \nTotal": "37,5",
      "Largura da Nervura": "12,5",
      "col5": "25,5",
      "col6": "19,0",
      "Área da \nSeção": "1043",
      "Distância do C. G à": "12,2",
      "col9": "25,3",
      "Inércia": "125718",
      "col11": "25,6",
      "Volume do Vazio": "0,164",
      "col13": "0,202",
      "Peso \nPróprio": "4,33",
      "Volume\nde \nConcreto": "0,173"
    },
    {
      "Altura \ndo \nMolde": "",
      "Espessura \nda Lâmina": "7,5",
      "Altura \nTotal": "40,0",
      "Largura da Nervura": "",
      "col5": "",
      "col6": "",
      "Área da \nSeção": "1268",
      "Distância do C. G à": "12,3",
      "col9": "27,7",
      "Inércia": "159245",
      "col11": "27,7",
      "Volume do Vazio": "",
      "col13": "",
      "Peso \nPróprio": "4,95",
      "Volume\nde \nConcreto": "0,198"
    },
    {
      "Altura \ndo \nMolde": "",
      "Espessura \nda Lâmina": "10,0",
      "Altura \nTotal": "42,5",
      "Largura da Nervura": "",
      "col5": "",
      "col6": "",
      "Área da \nSeção": "1493",
      "Distância do C. G à": "12,8",
      "col9": "29,7",
      "Inércia": "194449",
      "col11": "29,6",
      "Volume do Vazio": "",
      "col13": "",
      "Peso \nPróprio": "5,58",
      "Volume\nde \nConcreto": "0,223"
    },
    {
      "Altura \ndo \nMolde": "42,5",
      "Espessura \nda Lâmina": "5,0",
      "Altura \nTotal": "47,5",
      "Largura da Nervura": "12,5",
      "col5": "29,5",
      "col6": "21,0",
      "Área da \nSeção": "1310",
      "Distância do C. G à": "16,5",
      "col9": "31,0",
      "Inércia": "255029",
      "col11": "32,4",
      "Volume do Vazio": "0,203",
      "col13": "0,250",
      "Peso \nPróprio": "5,63",
      "Volume\nde \nConcreto": "0,225"
    },
    {
      "Altura \ndo \nMolde": "",
      "Espessura \nda Lâmina": "7,5",
      "Altura \nTotal": "50,0",
      "Largura da Nervura": "",
      "col5": "",
      "col6": "",
      "Área da \nSeção": "1536",
      "Distância do C. G à": "16,3",
      "col9": "33,7",
      "Inércia": "314390",
      "col11": "34,7",
      "Volume do Vazio": "",
      "col13": "",
      "Peso \nPróprio": "6,25",
      "Volume\nde \nConcreto": "0,250"
    },
    {
      "Altura \ndo \nMolde": "",
      "Espessura \nda Lâmina": "10,0",
      "Altura \nTotal": "52,5",
      "Largura da Nervura": "",
      "col5": "",
      "col6": "",
      "Área da \nSeção": "1761",
      "Distância do C. G à": "16,5",
      "col9": "36,0",
      "Inércia": "374573",
      "col11": "36,8",
      "Volume do Vazio": "",
      "col13": "",
      "Peso \nPróprio": "6,88",
      "Volume\nde \nConcreto": "0,275"
    },
    {
      "Altura \ndo \nMolde": "d1",
      "Espessura \nda Lâmina": "ds",
      "Altura \nTotal": "D",
      "Largura da Nervura": "bi",
      "col5": "bs",
      "col6": "br",
      "Área da \nSeção": "A",
      "Distância do C. G à": "rs",
      "col9": "ri",
      "Inércia": "I",
      "col11": "heq",
      "Volume do Vazio": "v/v",
      "col13": "",
      "Peso \nPróprio": "Concreto 25 kN/m³",
      "Volume\nde \nConcreto": ""
    }
  ]
}