{
  "Atex 640U": [
    {
      "Altura \ndo \nMolde": "",
      "Espessura \nda Lâmina": "",
      "Altura \nTotal": "",
      "Largura da Nervura": "Inferior",
      "col5": "Superior",
      "col6": "Média",
      "Área da \nSeção": "",
      "Distância do C. G à": "Face \nSuperior",
      "col9": "Face \nInferior",
      "Inércia": "Inércia por \nNervura",
      "col11": "Altura \nEquivalente",
      "Peso \nPróprio": "",
      "Volume de \nConcreto": ""
    },
    {
      "Altura \ndo \nMolde": "cm",
      "Espessura \nda Lâmina": "cm",
      "Altura \nTotal": "cm",
      "Largura da Nervura": "cm",
      "col5": "cm",
      "col6": "cm",
      "Área da \nSeção": "cm²",
      "Distância do C. G à": "cm",
      "col9": "cm",
      "Inércia": "cm4",
      "col11": "cm",
      "Peso \nPróprio": "KN/m²",
      "Volume de \nConcreto": "m³/m²"
    },
    {
      "Altura \ndo \nMolde": "16,0",
      "Espessura \nda Lâmina": "5,0",
      "Altura \nTotal": "21,0",
      "Largura da Nervura": "10,0",
      "col5": "12,9",
      "col6": "11,5",
      "Área da \nSeção": "503",
      "Distância do C. G à": "6,2",
      "col9": "14,8",
      "Inércia": "16586",
      "col11": "14,6",
      "Peso \nPróprio": "1,98",
      "Volume de \nConcreto": "0,079"
    },
    {
      "Altura \ndo \nMolde": "",
      "Espessura \nda Lâmina": "7,5",
      "Altura \nTotal": "23,5",
      "Largura da Nervura": "",
      "col5": "",
      "col6": "",
      "Área da \nSeção": "663",
      "Distância do C. G à": "6,9",
      "col9": "16,6",
      "Inércia": "23406",
      "col11": "16,4",
      "Peso \nPróprio": "2,60",
      "Volume de \nConcreto": "0,104"
    },
    {
      "Altura \ndo \nMolde": "",
      "Espessura \nda Lâmina": "10,0",
      "Altura \nTotal": "26,0",
      "Largura da Nervura": "",
      "col5": "",
      "col6": "",
      "Área da \nSeção": "823",
      "Distância do C. G à": "7,8",
      "col9": "18,2",
      "Inércia": "32057",
      "col11": "18,2",
      "Peso \nPróprio": "3,23",
      "Volume de \nConcreto": "0,129"
    },
    {
      "Altura \ndo \nMolde": "18,0",
      "Espessura \nda Lâmina": "5,0",
      "Altura \nTotal": "23,0",
      "Largura da Nervura": "10,0",
      "col5": "12,9",
      "col6": "11,5",
      "Área da \nSeção": "526",
      "Distância do C. G à": "6,9",
      "col9": "16,1",
      "Inércia": "21703",
      "col11": "16,0",
      "Peso \nPróprio": "2,05",
      "Volume de \nConcreto": "0,082"
    },
    {
      "Altura \ndo \nMolde": "",
      "Espessura \nda Lâmina": "7,5",
      "Altura \nTotal": "25,5",
      "Largura da Nervura": "",
      "col5": "",
      "col6": "",
      "Área da \nSeção": "686",
      "Distância do C. G à": "7,5",
      "col9": "18,0",
      "Inércia": "29849",
      "col11": "17,8",
      "Peso \nPróprio": "2,68",
      "Volume de \nConcreto": "0,107"
    },
    {
      "Altura \ndo \nMolde": "",
      "Espessura \nda Lâmina": "10,0",
      "Altura \nTotal": "28,0",
      "Largura da Nervura": "",
      "col5": "",
      "col6": "",
      "Área da \nSeção": "846",
      "Distância do C. G à": "8,3",
      "col9": "19,7",
      "Inércia": "39788",
      "col11": "19,5",
      "Peso \nPróprio": "3,30",
      "Volume de \nConcreto": "0,132"
    },
    {
      "Altura \ndo \nMolde": "21,0",
      "Espessura \nda Lâmina": "5,0",
      "Altura \nTotal": "26,0",
      "Largura da Nervura": "10,0",
      "col5": "15,2",
      "col6": "12,6",
      "Área da \nSeção": "585",
      "Distância do C. G à": "8,1",
      "col9": "17,9",
      "Inércia": "32086",
      "col11": "18,2",
      "Peso \nPróprio": "2,28",
      "Volume de \nConcreto": "0,091"
    },
    {
      "Altura \ndo \nMolde": "",
      "Espessura \nda Lâmina": "7,5",
      "Altura \nTotal": "28,5",
      "Largura da Nervura": "",
      "col5": "",
      "col6": "",
      "Área da \nSeção": "745",
      "Distância do C. G à": "8,6",
      "col9": "19,9",
      "Inércia": "43051",
      "col11": "20,1",
      "Peso \nPróprio": "2,90",
      "Volume de \nConcreto": "0,116"
    },
    {
      "Altura \ndo \nMolde": "",
      "Espessura \nda Lâmina": "10,0",
      "Altura \nTotal": "31,0",
      "Largura da Nervura": "",
      "col5": "",
      "col6": "",
      "Área da \nSeção": "905",
      "Distância do C. G à": "9,3",
      "col9": "21,7",
      "Inércia": "55801",
      "col11": "21,9",
      "Peso \nPróprio": "3,53",
      "Volume de \nConcreto": "0,141"
    },
    {
      "Altura \ndo \nMolde": "26,0",
      "Espessura \nda Lâmina": "5,0",
      "Altura \nTotal": "31,0",
      "Largura da Nervura": "10,0",
      "col5": "17,8",
      "col6": "13,9",
      "Área da \nSeção": "681",
      "Distância do C. G à": "10,1",
      "col9": "20,9",
      "Inércia": "55121",
      "col11": "21,8",
      "Peso \nPróprio": "2,65",
      "Volume de \nConcreto": "0,106"
    },
    {
      "Altura \ndo \nMolde": "",
      "Espessura \nda Lâmina": "7,5",
      "Altura \nTotal": "33,5",
      "Largura da Nervura": "",
      "col5": "",
      "col6": "",
      "Área da \nSeção": "841",
      "Distância do C. G à": "10,4",
      "col9": "23,1",
      "Inércia": "71826",
      "col11": "23,8",
      "Peso \nPróprio": "3,28",
      "Volume de \nConcreto": "0,131"
    },
    {
      "Altura \ndo \nMolde": "",
      "Espessura \nda Lâmina": "10,0",
      "Altura \nTotal": "36,0",
      "Largura da Nervura": "",
      "col5": "",
      "col6": "",
      "Área da \nSeção": "1001",
      "Distância do C. G à": "11,1",
      "col9": "24,9",
      "Inércia": "90225",
      "col11": "25,7",
      "Peso \nPróprio": "3,90",
      "Volume de \nConcreto": "0,156"
    },
    {
      "Altura \ndo \nMolde": "30,0",
      "Espessura \nda Lâmina": "5,0",
      "Altura \nTotal": "35,0",
      "Largura da Nervura": "10,0",
      "col5": "20,2",
      "col6": "15,1",
      "Área da \nSeção": "773",
      "Distância do C. G à": "11,8",
      "col9": "23,2",
      "Inércia": "80231",
      "col11": "24,7",
      "Peso \nPróprio": "3,03",
      "Volume de \nConcreto": "0,121"
    },
    {
      "Altura \ndo \nMolde": "",
      "Espessura \nda Lâmina": "7,5",
      "Altura \nTotal": "37,5",
      "Largura da Nervura": "",
      "col5": "",
      "col6": "",
      "Área da \nSeção": "933",
      "Distância do C. G à": "12,0",
      "col9": "25,5",
      "Inércia": "102772",
      "col11": "26,8",
      "Peso \nPróprio": "3,65",
      "Volume de \nConcreto": "0,146"
    },
    {
      "Altura \ndo \nMolde": "",
      "Espessura \nda Lâmina": "10,0",
      "Altura \nTotal": "40,0",
      "Largura da Nervura": "",
      "col5": "",
      "col6": "",
      "Área da \nSeção": "1093",
      "Distância do C. G à": "12,6",
      "col9": "27,4",
      "Inércia": "126956",
      "col11": "28,8",
      "Peso \nPróprio": "4,28",
      "Volume de \nConcreto": "0,171"
    },
    {
      "Altura \ndo \nMolde": "d1",
      "Espessura \nda Lâmina": "ds",
      "Altura \nTotal": "D",
      "Largura da Nervura": "bi",
      "col5": "bs",
      "col6": "br",
      "Área da \nSeção": "A",
      "Distância do C. G à": "rs",
      "col9": "ri",
      "Inércia": "I",
      "col11": "heq",
      "Peso \nPróprio": "Concreto 25 kN/m³",
      "Volume de \nConcreto": ""
    },
    {
      "Altura \ndo \nMolde": "61\n3,5\n3,5 abas iguais *Utilizar Anulador de Nervura, elemento  61 54Fôrma\nintermediário entre fôrmas Atex 610 que \nelimina nervura naquele local.\n61 *(arCsé ogfômurampsla edsme). e3n ctmar  dceo mlar gSuisrate pmaara C aapboeiater x 30,5 23,51/2 Fôrma\n7\nbs 64 ds\nAnulador\nConcreto de Nervura\n30 br\n30,5 16 18 21 26 CSiasbteemteax d1D\n3,5 Régua 54 Fôrma Atex\nde 3 cm\nbi\nMeia fôrma (para completar onde não couber fôrma inteira). 2,5",
      "Espessura \nda Lâmina": "",
      "Altura \nTotal": "",
      "Largura da Nervura": "",
      "col5": "",
      "col6": "",
      "Área da \nSeção": "",
      "Distância do C. G à": "",
      "col9": "",
      "Inércia": "",
      "col11": "",
      "Peso \nPróprio": "",
      "Volume de \nConcreto": ""
    }
  ]
}