{
  "Atex 875": [
    {
      "Sentido das Fôrmas\n44  oouu\n6,25\n75,5 83\n1015202530354050\n83 br bi\n2,5 7,75 bs\n83 ds Dd1 deR aépgouioa\npara as\nComplementar com régua de 7,5 cm  ds fôrmas\npara apoiar as fôrmas. d1 D 7,5 cm ou\n3 cm": "",
      "col2": "Régua\nde apoio\npara as\nfôrmas\n7,5 cm ou\n3 cm"
    },
    {
      "Altura \ndo \nMolde": "",
      "Espessura \nda Lâmina": "",
      "Altura \nTotal": "",
      "Largura da Nervura": "Inferior",
      "col5": "Superior",
      "col6": "Média",
      "Área da \nSeção": "",
      "Distância do C. G à": "Face \nSuperior",
      "col9": "Face \nInferior",
      "Inércia": "Inércia por \nNervura",
      "col11": "Altura \nEquivalente",
      "Volume do Vazio": "",
      "col13": "",
      "Peso \nPróprio": "",
      "Volume\nde \nConcreto": ""
    },
    {
      "Altura \ndo \nMolde": "cm",
      "Espessura \nda Lâmina": "cm",
      "Altura \nTotal": "cm",
      "Largura da Nervura": "cm",
      "col5": "cm",
      "col6": "cm",
      "Área da \nSeção": "cm²",
      "Distância do C. G à": "cm",
      "col9": "cm",
      "Inércia": "cm4",
      "col11": "cm",
      "Volume do Vazio": "m³",
      "col13": "m³/m²",
      "Peso \nPróprio": "KN/m²",
      "Volume\nde \nConcreto": "m³/m²"
    },
    {
      "Altura \ndo \nMolde": "10,0",
      "Espessura \nda Lâmina": "5,0",
      "Altura \nTotal": "15,0",
      "Largura da Nervura": "20,0",
      "col5": "20,8",
      "col6": "20,4",
      "Área da \nSeção": "642",
      "Distância do C. G à": "4,9",
      "col9": "10,1",
      "Inércia": "10369",
      "col11": "11,2",
      "Volume do Vazio": "0,045",
      "col13": "0,059",
      "Peso \nPróprio": "2,28",
      "Volume\nde \nConcreto": "0,091"
    },
    {
      "Altura \ndo \nMolde": "",
      "Espessura \nda Lâmina": "7,5",
      "Altura \nTotal": "17,5",
      "Largura da Nervura": "",
      "col5": "",
      "col6": "",
      "Área da \nSeção": "860",
      "Distância do C. G à": "5,8",
      "col9": "11,7",
      "Inércia": "16602",
      "col11": "13,2",
      "Volume do Vazio": "",
      "col13": "",
      "Peso \nPróprio": "2,90",
      "Volume\nde \nConcreto": "0,116"
    },
    {
      "Altura \ndo \nMolde": "",
      "Espessura \nda Lâmina": "10,0",
      "Altura \nTotal": "20,0",
      "Largura da Nervura": "",
      "col5": "",
      "col6": "",
      "Área da \nSeção": "1079",
      "Distância do C. G à": "6,9",
      "col9": "13,1",
      "Inércia": "25427",
      "col11": "15,2",
      "Volume do Vazio": "",
      "col13": "",
      "Peso \nPróprio": "3,53",
      "Volume\nde \nConcreto": "0,141"
    },
    {
      "Altura \ndo \nMolde": "15,0",
      "Espessura \nda Lâmina": "5,0",
      "Altura \nTotal": "20,0",
      "Largura da Nervura": "20,0",
      "col5": "21,3",
      "col6": "20,7",
      "Área da \nSeção": "747",
      "Distância do C. G à": "6,6",
      "col9": "13,4",
      "Inércia": "24568",
      "col11": "15,0",
      "Volume do Vazio": "0,067",
      "col13": "0,088",
      "Peso \nPróprio": "2,80",
      "Volume\nde \nConcreto": "0,112"
    },
    {
      "Altura \ndo \nMolde": "",
      "Espessura \nda Lâmina": "7,5",
      "Altura \nTotal": "22,5",
      "Largura da Nervura": "",
      "col5": "",
      "col6": "",
      "Área da \nSeção": "966",
      "Distância do C. G à": "7,3",
      "col9": "15,2",
      "Inércia": "35143",
      "col11": "16,9",
      "Volume do Vazio": "",
      "col13": "",
      "Peso \nPróprio": "3,43",
      "Volume\nde \nConcreto": "0,137"
    },
    {
      "Altura \ndo \nMolde": "",
      "Espessura \nda Lâmina": "10,0",
      "Altura \nTotal": "25,0",
      "Largura da Nervura": "",
      "col5": "",
      "col6": "",
      "Área da \nSeção": "1185",
      "Distância do C. G à": "8,3",
      "col9": "16,8",
      "Inércia": "48394",
      "col11": "18,8",
      "Volume do Vazio": "",
      "col13": "",
      "Peso \nPróprio": "4,05",
      "Volume\nde \nConcreto": "0,162"
    },
    {
      "Altura \ndo \nMolde": "20,0",
      "Espessura \nda Lâmina": "5,0",
      "Altura \nTotal": "25,0",
      "Largura da Nervura": "20,0",
      "col5": "23,1",
      "col6": "21,6",
      "Área da \nSeção": "869",
      "Distância do C. G à": "8,6",
      "col9": "16,4",
      "Inércia": "47888",
      "col11": "18,7",
      "Volume do Vazio": "0,087",
      "col13": "0,114",
      "Peso \nPróprio": "3,40",
      "Volume\nde \nConcreto": "0,136"
    },
    {
      "Altura \ndo \nMolde": "",
      "Espessura \nda Lâmina": "7,5",
      "Altura \nTotal": "27,5",
      "Largura da Nervura": "",
      "col5": "",
      "col6": "",
      "Área da \nSeção": "1087",
      "Distância do C. G à": "9,1",
      "col9": "18,4",
      "Inércia": "64902",
      "col11": "20,7",
      "Volume do Vazio": "",
      "col13": "",
      "Peso \nPróprio": "4,03",
      "Volume\nde \nConcreto": "0,161"
    },
    {
      "Altura \ndo \nMolde": "",
      "Espessura \nda Lâmina": "10,0",
      "Altura \nTotal": "30,0",
      "Largura da Nervura": "",
      "col5": "",
      "col6": "",
      "Área da \nSeção": "1306",
      "Distância do C. G à": "9,9",
      "col9": "20,1",
      "Inércia": "84545",
      "col11": "22,6",
      "Volume do Vazio": "",
      "col13": "",
      "Peso \nPróprio": "4,65",
      "Volume\nde \nConcreto": "0,186"
    },
    {
      "Altura \ndo \nMolde": "25,0",
      "Espessura \nda Lâmina": "5,0",
      "Altura \nTotal": "30,0",
      "Largura da Nervura": "20,0",
      "col5": "24,6",
      "col6": "22,3",
      "Área da \nSeção": "995",
      "Distância do C. G à": "10,7",
      "col9": "19,3",
      "Inércia": "81885",
      "col11": "22,4",
      "Volume do Vazio": "0,106",
      "col13": "0,138",
      "Peso \nPróprio": "4,03",
      "Volume\nde \nConcreto": "0,161"
    },
    {
      "Altura \ndo \nMolde": "",
      "Espessura \nda Lâmina": "7,5",
      "Altura \nTotal": "32,5",
      "Largura da Nervura": "",
      "col5": "",
      "col6": "",
      "Área da \nSeção": "1214",
      "Distância do C. G à": "11,0",
      "col9": "21,5",
      "Inércia": "107451",
      "col11": "24,5",
      "Volume do Vazio": "",
      "col13": "",
      "Peso \nPróprio": "4,65",
      "Volume\nde \nConcreto": "0,186"
    },
    {
      "Altura \ndo \nMolde": "",
      "Espessura \nda Lâmina": "10,0",
      "Altura \nTotal": "35,0",
      "Largura da Nervura": "",
      "col5": "",
      "col6": "",
      "Área da \nSeção": "1433",
      "Distância do C. G à": "11,6",
      "col9": "23,4",
      "Inércia": "135454",
      "col11": "26,5",
      "Volume do Vazio": "",
      "col13": "",
      "Peso \nPróprio": "5,28",
      "Volume\nde \nConcreto": "0,211"
    },
    {
      "Altura \ndo \nMolde": "30,0",
      "Espessura \nda Lâmina": "5,0",
      "Altura \nTotal": "35,0",
      "Largura da Nervura": "20,0",
      "col5": "27,5",
      "col6": "23,8",
      "Área da \nSeção": "1150",
      "Distância do C. G à": "12,9",
      "col9": "22,2",
      "Inércia": "129596",
      "col11": "26,1",
      "Volume do Vazio": "0,122",
      "col13": "0,159",
      "Peso \nPróprio": "4,78",
      "Volume\nde \nConcreto": "0,191"
    },
    {
      "Altura \ndo \nMolde": "",
      "Espessura \nda Lâmina": "7,5",
      "Altura \nTotal": "37,5",
      "Largura da Nervura": "",
      "col5": "",
      "col6": "",
      "Área da \nSeção": "1369",
      "Distância do C. G à": "13,1",
      "col9": "24,4",
      "Inércia": "166266",
      "col11": "28,4",
      "Volume do Vazio": "",
      "col13": "",
      "Peso \nPróprio": "5,40",
      "Volume\nde \nConcreto": "0,216"
    },
    {
      "Altura \ndo \nMolde": "",
      "Espessura \nda Lâmina": "10,0",
      "Altura \nTotal": "40,0",
      "Largura da Nervura": "",
      "col5": "",
      "col6": "",
      "Área da \nSeção": "1588",
      "Distância do C. G à": "13,6",
      "col9": "26,4",
      "Inércia": "205215",
      "col11": "30,4",
      "Volume do Vazio": "",
      "col13": "",
      "Peso \nPróprio": "6,03",
      "Volume\nde \nConcreto": "0,241"
    },
    {
      "Altura \ndo \nMolde": "35,0",
      "Espessura \nda Lâmina": "5,0",
      "Altura \nTotal": "40,0",
      "Largura da Nervura": "20,0",
      "col5": "30,0",
      "col6": "25,0",
      "Área da \nSeção": "1313",
      "Distância do C. G à": "15,1",
      "col9": "24,9",
      "Inércia": "192496",
      "col11": "29,8",
      "Volume do Vazio": "0,137",
      "col13": "0,179",
      "Peso \nPróprio": "5,53",
      "Volume\nde \nConcreto": "0,221"
    },
    {
      "Altura \ndo \nMolde": "",
      "Espessura \nda Lâmina": "7,5",
      "Altura \nTotal": "42,5",
      "Largura da Nervura": "",
      "col5": "",
      "col6": "",
      "Área da \nSeção": "1531",
      "Distância do C. G à": "15,2",
      "col9": "27,3",
      "Inércia": "242461",
      "col11": "32,2",
      "Volume do Vazio": "",
      "col13": "",
      "Peso \nPróprio": "6,15",
      "Volume\nde \nConcreto": "0,246"
    },
    {
      "Altura \ndo \nMolde": "",
      "Espessura \nda Lâmina": "10,0",
      "Altura \nTotal": "45,0",
      "Largura da Nervura": "",
      "col5": "",
      "col6": "",
      "Área da \nSeção": "1750",
      "Distância do C. G à": "15,7",
      "col9": "29,3",
      "Inércia": "294535",
      "col11": "34,3",
      "Volume do Vazio": "",
      "col13": "",
      "Peso \nPróprio": "6,78",
      "Volume\nde \nConcreto": "0,271"
    },
    {
      "Altura \ndo \nMolde": "40,0",
      "Espessura \nda Lâmina": "5,0",
      "Altura \nTotal": "45,0",
      "Largura da Nervura": "20,0",
      "col5": "33,3",
      "col6": "26,7",
      "Área da \nSeção": "1504",
      "Distância do C. G à": "17,3",
      "col9": "27,7",
      "Inércia": "274768",
      "col11": "33,5",
      "Volume do Vazio": "0,148",
      "col13": "0,193",
      "Peso \nPróprio": "6,43",
      "Volume\nde \nConcreto": "0,257"
    },
    {
      "Altura \ndo \nMolde": "",
      "Espessura \nda Lâmina": "7,5",
      "Altura \nTotal": "47,5",
      "Largura da Nervura": "",
      "col5": "",
      "col6": "",
      "Área da \nSeção": "1722",
      "Distância do C. G à": "17,4",
      "col9": "30,1",
      "Inércia": "340404",
      "col11": "36,0",
      "Volume do Vazio": "",
      "col13": "",
      "Peso \nPróprio": "7,05",
      "Volume\nde \nConcreto": "0,282"
    },
    {
      "Altura \ndo \nMolde": "",
      "Espessura \nda Lâmina": "10,0",
      "Altura \nTotal": "50,0",
      "Largura da Nervura": "",
      "col5": "",
      "col6": "",
      "Área da \nSeção": "1941",
      "Distância do C. G à": "17,8",
      "col9": "32,2",
      "Inércia": "408179",
      "col11": "38,3",
      "Volume do Vazio": "",
      "col13": "",
      "Peso \nPróprio": "7,68",
      "Volume\nde \nConcreto": "0,307"
    },
    {
      "Altura \ndo \nMolde": "50,0",
      "Espessura \nda Lâmina": "5,0",
      "Altura \nTotal": "55,0",
      "Largura da Nervura": "20,0",
      "col5": "39,3",
      "col6": "29,7",
      "Área da \nSeção": "1920",
      "Distância do C. G à": "21,6",
      "col9": "33,4",
      "Inércia": "506422",
      "col11": "41,1",
      "Volume do Vazio": "0,169",
      "col13": "0,221",
      "Peso \nPróprio": "8,28",
      "Volume\nde \nConcreto": "0,331"
    },
    {
      "Altura \ndo \nMolde": "",
      "Espessura \nda Lâmina": "7,5",
      "Altura \nTotal": "57,5",
      "Largura da Nervura": "",
      "col5": "",
      "col6": "",
      "Área da \nSeção": "2139",
      "Distância do C. G à": "21,8",
      "col9": "35,7",
      "Inércia": "609424",
      "col11": "43,7",
      "Volume do Vazio": "",
      "col13": "",
      "Peso \nPróprio": "8,90",
      "Volume\nde \nConcreto": "0,356"
    },
    {
      "Altura \ndo \nMolde": "",
      "Espessura \nda Lâmina": "10,0",
      "Altura \nTotal": "60,0",
      "Largura da Nervura": "",
      "col5": "",
      "col6": "",
      "Área da \nSeção": "2358",
      "Distância do C. G à": "22,2",
      "col9": "37,8",
      "Inércia": "714961",
      "col11": "46,1",
      "Volume do Vazio": "",
      "col13": "",
      "Peso \nPróprio": "9,53",
      "Volume\nde \nConcreto": "0,381"
    },
    {
      "Altura \ndo \nMolde": "d1",
      "Espessura \nda Lâmina": "ds",
      "Altura \nTotal": "D",
      "Largura da Nervura": "bi",
      "col5": "bs",
      "col6": "br",
      "Área da \nSeção": "A",
      "Distância do C. G à": "rs",
      "col9": "ri",
      "Inércia": "I",
      "col11": "heq",
      "Volume do Vazio": "v/v",
      "col13": "",
      "Peso \nPróprio": "Concreto 25 kN/m³",
      "Volume\nde \nConcreto": ""
    }
  ]
}