{
  "Atex 610": [
    {
      "Altura do \nMolde": "",
      "Espessura \nda Lâmina": "",
      "Altura \nTotal": "",
      "Largura da Nervura": "Inferior",
      "col5": "Superior",
      "col6": "Média",
      "Área da \nSeção": "",
      "Distância do C. G à": "Face \nSuperior",
      "col9": "Face \nInferior",
      "Inércia": "Inércia por \nNervura",
      "col11": "Altura \nEquivalente",
      "Volume do Vazio": "",
      "col13": "",
      "Peso \nPróprio": "",
      "Volume\nde \nConcreto": ""
    },
    {
      "Altura do \nMolde": "cm",
      "Espessura \nda Lâmina": "cm",
      "Altura \nTotal": "cm",
      "Largura da Nervura": "cm",
      "col5": "cm",
      "col6": "cm",
      "Área da \nSeção": "cm²",
      "Distância do C. G à": "cm",
      "col9": "cm",
      "Inércia": "cm4",
      "col11": "cm",
      "Volume do Vazio": "m³",
      "col13": "m³/m²",
      "Peso \nPróprio": "KN/m²",
      "Volume\nde \nConcreto": "m³/m²"
    },
    {
      "Altura do \nMolde": "10",
      "Espessura \nda Lâmina": "5,0",
      "Altura \nTotal": "15,0",
      "Largura da Nervura": "12,5",
      "col5": "15,8",
      "col6": "14,1",
      "Área da \nSeção": "446",
      "Distância do C. G à": "4,8",
      "col9": "10,2",
      "Inércia": "6959",
      "col11": "11,1",
      "Volume do Vazio": "0,022",
      "col13": "0,060",
      "Peso \nPróprio": "2,26",
      "Volume\nde \nConcreto": "0,090"
    },
    {
      "Altura do \nMolde": "",
      "Espessura \nda Lâmina": "7,5",
      "Altura \nTotal": "17,5",
      "Largura da Nervura": "",
      "col5": "",
      "col6": "",
      "Área da \nSeção": "599",
      "Distância do C. G à": "5,8",
      "col9": "11,7",
      "Inércia": "11214",
      "col11": "13,0",
      "Volume do Vazio": "",
      "col13": "",
      "Peso \nPróprio": "2,89",
      "Volume\nde \nConcreto": "0,115"
    },
    {
      "Altura do \nMolde": "",
      "Espessura \nda Lâmina": "10,0",
      "Altura \nTotal": "20,0",
      "Largura da Nervura": "",
      "col5": "",
      "col6": "",
      "Área da \nSeção": "751",
      "Distância do C. G à": "6,8",
      "col9": "13,2",
      "Inércia": "17277",
      "col11": "15,0",
      "Volume do Vazio": "",
      "col13": "",
      "Peso \nPróprio": "3,51",
      "Volume\nde \nConcreto": "0,140"
    },
    {
      "Altura do \nMolde": "15",
      "Espessura \nda Lâmina": "5,0",
      "Altura \nTotal": "20,0",
      "Largura da Nervura": "12,5",
      "col5": "17,1",
      "col6": "14,8",
      "Área da \nSeção": "527",
      "Distância do C. G à": "6,6",
      "col9": "13,5",
      "Inércia": "16630",
      "col11": "14,8",
      "Volume do Vazio": "0,032",
      "col13": "0,087",
      "Peso \nPróprio": "2,83",
      "Volume\nde \nConcreto": "0,113"
    },
    {
      "Altura do \nMolde": "",
      "Espessura \nda Lâmina": "7,5",
      "Altura \nTotal": "22,5",
      "Largura da Nervura": "",
      "col5": "",
      "col6": "",
      "Área da \nSeção": "679",
      "Distância do C. G à": "7,3",
      "col9": "15,2",
      "Inércia": "23901",
      "col11": "16,8",
      "Volume do Vazio": "",
      "col13": "",
      "Peso \nPróprio": "3,46",
      "Volume\nde \nConcreto": "0,138"
    },
    {
      "Altura do \nMolde": "",
      "Espessura \nda Lâmina": "10,0",
      "Altura \nTotal": "25,0",
      "Largura da Nervura": "",
      "col5": "",
      "col6": "",
      "Área da \nSeção": "832",
      "Distância do C. G à": "8,2",
      "col9": "16,8",
      "Inércia": "33079",
      "col11": "18,7",
      "Volume do Vazio": "",
      "col13": "",
      "Peso \nPróprio": "4,08",
      "Volume\nde \nConcreto": "0,163"
    },
    {
      "Altura do \nMolde": "20",
      "Espessura \nda Lâmina": "5,0",
      "Altura \nTotal": "25,0",
      "Largura da Nervura": "12,5",
      "col5": "18,3",
      "col6": "15,4",
      "Área da \nSeção": "613",
      "Distância do C. G à": "8,5",
      "col9": "16,5",
      "Inércia": "32365",
      "col11": "18,5",
      "Volume do Vazio": "0,042",
      "col13": "0,112",
      "Peso \nPróprio": "3,45",
      "Volume\nde \nConcreto": "0,138"
    },
    {
      "Altura do \nMolde": "",
      "Espessura \nda Lâmina": "7,5",
      "Altura \nTotal": "27,5",
      "Largura da Nervura": "",
      "col5": "",
      "col6": "",
      "Área da \nSeção": "765",
      "Distância do C. G à": "9,0",
      "col9": "18,5",
      "Inércia": "43962",
      "col11": "20,5",
      "Volume do Vazio": "",
      "col13": "",
      "Peso \nPróprio": "4,08",
      "Volume\nde \nConcreto": "0,163"
    },
    {
      "Altura do \nMolde": "",
      "Espessura \nda Lâmina": "10,0",
      "Altura \nTotal": "30,0",
      "Largura da Nervura": "",
      "col5": "",
      "col6": "",
      "Área da \nSeção": "918",
      "Distância do C. G à": "9,8",
      "col9": "20,2",
      "Inércia": "57470",
      "col11": "22,4",
      "Volume do Vazio": "",
      "col13": "",
      "Peso \nPróprio": "4,70",
      "Volume\nde \nConcreto": "0,188"
    },
    {
      "Altura do \nMolde": "25",
      "Espessura \nda Lâmina": "5,0",
      "Altura \nTotal": "30,0",
      "Largura da Nervura": "12,5",
      "col5": "19,6",
      "col6": "16,1",
      "Área da \nSeção": "706",
      "Distância do C. G à": "10,5",
      "col9": "19,5",
      "Inércia": "55538",
      "col11": "22,2",
      "Volume do Vazio": "0,050",
      "col13": "0,134",
      "Peso \nPróprio": "4,14",
      "Volume\nde \nConcreto": "0,166"
    },
    {
      "Altura do \nMolde": "",
      "Espessura \nda Lâmina": "7,5",
      "Altura \nTotal": "32,5",
      "Largura da Nervura": "",
      "col5": "",
      "col6": "",
      "Área da \nSeção": "859",
      "Distância do C. G à": "10,9",
      "col9": "21,6",
      "Inércia": "72929",
      "col11": "24,3",
      "Volume do Vazio": "",
      "col13": "",
      "Peso \nPróprio": "4,76",
      "Volume\nde \nConcreto": "0,191"
    },
    {
      "Altura do \nMolde": "",
      "Espessura \nda Lâmina": "10,0",
      "Altura \nTotal": "35,0",
      "Largura da Nervura": "",
      "col5": "",
      "col6": "",
      "Área da \nSeção": "1011",
      "Distância do C. G à": "11,6",
      "col9": "23,4",
      "Inércia": "92164",
      "col11": "26,3",
      "Volume do Vazio": "",
      "col13": "",
      "Peso \nPróprio": "5,39",
      "Volume\nde \nConcreto": "0,216"
    },
    {
      "Altura do \nMolde": "30",
      "Espessura \nda Lâmina": "5,0",
      "Altura \nTotal": "35,0",
      "Largura da Nervura": "12,5",
      "col5": "21,2",
      "col6": "16,9",
      "Área da \nSeção": "811",
      "Distância do C. G à": "12,6",
      "col9": "22,4",
      "Inércia": "87685",
      "col11": "25,8",
      "Volume do Vazio": "0,057",
      "col13": "0,154",
      "Peso \nPróprio": "4,89",
      "Volume\nde \nConcreto": "0,196"
    },
    {
      "Altura do \nMolde": "",
      "Espessura \nda Lâmina": "7,5",
      "Altura \nTotal": "37,5",
      "Largura da Nervura": "",
      "col5": "",
      "col6": "",
      "Área da \nSeção": "963",
      "Distância do C. G à": "12,9",
      "col9": "24,6",
      "Inércia": "112419",
      "col11": "28,1",
      "Volume do Vazio": "",
      "col13": "",
      "Peso \nPróprio": "5,52",
      "Volume\nde \nConcreto": "0,221"
    },
    {
      "Altura do \nMolde": "",
      "Espessura \nda Lâmina": "10,0",
      "Altura \nTotal": "40,0",
      "Largura da Nervura": "",
      "col5": "",
      "col6": "",
      "Área da \nSeção": "1116",
      "Distância do C. G à": "13,5",
      "col9": "26,5",
      "Inércia": "138913",
      "col11": "30,1",
      "Volume do Vazio": "",
      "col13": "",
      "Peso \nPróprio": "6,14",
      "Volume\nde \nConcreto": "0,246"
    },
    {
      "Altura do \nMolde": "d1",
      "Espessura \nda Lâmina": "ds",
      "Altura \nTotal": "D",
      "Largura da Nervura": "bi",
      "col5": "bs",
      "col6": "br",
      "Área da \nSeção": "A",
      "Distância do C. G à": "rs",
      "col9": "ri",
      "Inércia": "I",
      "col11": "heq",
      "Volume do Vazio": "v/v",
      "col13": "",
      "Peso \nPróprio": "Concreto 25 kN/m³",
      "Volume\nde \nConcreto": ""
    }
  ]
}