{
  "Atex 830U": [
    {
      "Altura \ndo \nMolde": "",
      "Espessura \nda Lâmina": "",
      "Altura \nTotal": "",
      "Largura da Nervura": "Inferior",
      "col5": "Superior",
      "col6": "Média",
      "Área da \nSeção": "",
      "Distância do C. G à": "Face \nSuperior",
      "col9": "Face \nInferior",
      "Inércia": "Inércia por \nNervura",
      "col11": "Altura \nEquivalente",
      "Peso Pró-\nprio": "",
      "Volume de \nConcreto": ""
    },
    {
      "Altura \ndo \nMolde": "cm",
      "Espessura \nda Lâmina": "cm",
      "Altura \nTotal": "cm",
      "Largura da Nervura": "cm",
      "col5": "cm",
      "col6": "cm",
      "Área da \nSeção": "cm²",
      "Distância do C. G à": "cm",
      "col9": "cm",
      "Inércia": "cm4",
      "col11": "cm",
      "Peso Pró-\nprio": "KN/m²",
      "Volume de \nConcreto": "m³/m²"
    },
    {
      "Altura \ndo \nMolde": "10,0",
      "Espessura \nda Lâmina": "5,0",
      "Altura \nTotal": "15,0",
      "Largura da Nervura": "15,5",
      "col5": "16,3",
      "col6": "15,9",
      "Área da \nSeção": "574",
      "Distância do C. G à": "4,6",
      "col9": "10,4",
      "Inércia": "8584",
      "col11": "10,7",
      "Peso Pró-\nprio": "1,73",
      "Volume de \nConcreto": "0,069"
    },
    {
      "Altura \ndo \nMolde": "",
      "Espessura \nda Lâmina": "7,5",
      "Altura \nTotal": "17,5",
      "Largura da Nervura": "",
      "col5": "",
      "col6": "",
      "Área da \nSeção": "782",
      "Distância do C. G à": "5,5",
      "col9": "12,0",
      "Inércia": "13847",
      "col11": "12,6",
      "Peso Pró-\nprio": "2,35",
      "Volume de \nConcreto": "0,094"
    },
    {
      "Altura \ndo \nMolde": "",
      "Espessura \nda Lâmina": "10,0",
      "Altura \nTotal": "20,0",
      "Largura da Nervura": "",
      "col5": "",
      "col6": "",
      "Área da \nSeção": "989",
      "Distância do C. G à": "6,6",
      "col9": "13,4",
      "Inércia": "21474",
      "col11": "14,6",
      "Peso Pró-\nprio": "2,98",
      "Volume de \nConcreto": "0,119"
    },
    {
      "Altura \ndo \nMolde": "15,0",
      "Espessura \nda Lâmina": "5,0",
      "Altura \nTotal": "20,0",
      "Largura da Nervura": "15,5",
      "col5": "16,8",
      "col6": "16,2",
      "Área da \nSeção": "657",
      "Distância do C. G à": "6,2",
      "col9": "13,9",
      "Inércia": "20394",
      "col11": "14,3",
      "Peso Pró-\nprio": "1,98",
      "Volume de \nConcreto": "0,079"
    },
    {
      "Altura \ndo \nMolde": "",
      "Espessura \nda Lâmina": "7,5",
      "Altura \nTotal": "22,5",
      "Largura da Nervura": "",
      "col5": "",
      "col6": "",
      "Área da \nSeção": "865",
      "Distância do C. G à": "6,9",
      "col9": "15,6",
      "Inércia": "29135",
      "col11": "16,2",
      "Peso Pró-\nprio": "2,60",
      "Volume de \nConcreto": "0,104"
    },
    {
      "Altura \ndo \nMolde": "",
      "Espessura \nda Lâmina": "10,0",
      "Altura \nTotal": "25,0",
      "Largura da Nervura": "",
      "col5": "",
      "col6": "",
      "Área da \nSeção": "1072",
      "Distância do C. G à": "7,8",
      "col9": "17,2",
      "Inércia": "40286",
      "col11": "18,0",
      "Peso Pró-\nprio": "3,23",
      "Volume de \nConcreto": "0,129"
    },
    {
      "Altura \ndo \nMolde": "20,0",
      "Espessura \nda Lâmina": "5,0",
      "Altura \nTotal": "25,0",
      "Largura da Nervura": "15,5",
      "col5": "18,6",
      "col6": "17,1",
      "Área da \nSeção": "756",
      "Distância do C. G à": "8,0",
      "col9": "17,0",
      "Inércia": "40047",
      "col11": "18,0",
      "Peso Pró-\nprio": "2,28",
      "Volume de \nConcreto": "0,091"
    },
    {
      "Altura \ndo \nMolde": "",
      "Espessura \nda Lâmina": "7,5",
      "Altura \nTotal": "27,5",
      "Largura da Nervura": "",
      "col5": "",
      "col6": "",
      "Área da \nSeção": "964",
      "Distância do C. G à": "8,5",
      "col9": "19,0",
      "Inércia": "54091",
      "col11": "19,9",
      "Peso Pró-\nprio": "2,90",
      "Volume de \nConcreto": "0,116"
    },
    {
      "Altura \ndo \nMolde": "",
      "Espessura \nda Lâmina": "10,0",
      "Altura \nTotal": "30,0",
      "Largura da Nervura": "",
      "col5": "",
      "col6": "",
      "Área da \nSeção": "1171",
      "Distância do C. G à": "9,3",
      "col9": "20,7",
      "Inércia": "70459",
      "col11": "21,7",
      "Peso Pró-\nprio": "3,53",
      "Volume de \nConcreto": "0,141"
    },
    {
      "Altura \ndo \nMolde": "25,0",
      "Espessura \nda Lâmina": "5,0",
      "Altura \nTotal": "30,0",
      "Largura da Nervura": "15,5",
      "col5": "20,1",
      "col6": "17,8",
      "Área da \nSeção": "860",
      "Distância do C. G à": "10,0",
      "col9": "20,0",
      "Inércia": "68823",
      "col11": "21,5",
      "Peso Pró-\nprio": "2,60",
      "Volume de \nConcreto": "0,104"
    },
    {
      "Altura \ndo \nMolde": "",
      "Espessura \nda Lâmina": "7,5",
      "Altura \nTotal": "32,5",
      "Largura da Nervura": "",
      "col5": "",
      "col6": "",
      "Área da \nSeção": "1068",
      "Distância do C. G à": "10,3",
      "col9": "22,2",
      "Inércia": "90024",
      "col11": "23,5",
      "Peso Pró-\nprio": "3,23",
      "Volume de \nConcreto": "0,129"
    },
    {
      "Altura \ndo \nMolde": "",
      "Espessura \nda Lâmina": "10,0",
      "Altura \nTotal": "35,0",
      "Largura da Nervura": "",
      "col5": "",
      "col6": "",
      "Área da \nSeção": "1275",
      "Distância do C. G à": "10,9",
      "col9": "24,1",
      "Inércia": "113306",
      "col11": "25,4",
      "Peso Pró-\nprio": "3,85",
      "Volume de \nConcreto": "0,154"
    },
    {
      "Altura \ndo \nMolde": "30,0",
      "Espessura \nda Lâmina": "5,0",
      "Altura \nTotal": "35,0",
      "Largura da Nervura": "15,5",
      "col5": "23,0",
      "col6": "19,3",
      "Área da \nSeção": "993",
      "Distância do C. G à": "12,1",
      "col9": "22,9",
      "Inércia": "109578",
      "col11": "25,1",
      "Peso Pró-\nprio": "3,00",
      "Volume de \nConcreto": "0,120"
    },
    {
      "Altura \ndo \nMolde": "",
      "Espessura \nda Lâmina": "7,5",
      "Altura \nTotal": "37,5",
      "Largura da Nervura": "",
      "col5": "",
      "col6": "",
      "Área da \nSeção": "1200",
      "Distância do C. G à": "12,3",
      "col9": "25,2",
      "Inércia": "140345",
      "col11": "27,3",
      "Peso Pró-\nprio": "3,63",
      "Volume de \nConcreto": "0,145"
    },
    {
      "Altura \ndo \nMolde": "",
      "Espessura \nda Lâmina": "10,0",
      "Altura \nTotal": "40,0",
      "Largura da Nervura": "",
      "col5": "",
      "col6": "",
      "Área da \nSeção": "1408",
      "Distância do C. G à": "12,8",
      "col9": "27,2",
      "Inércia": "172956",
      "col11": "29,2",
      "Peso Pró-\nprio": "4,25",
      "Volume de \nConcreto": "0,170"
    },
    {
      "Altura \ndo \nMolde": "35,0",
      "Espessura \nda Lâmina": "5,0",
      "Altura \nTotal": "40,0",
      "Largura da Nervura": "15,5",
      "col5": "25,5",
      "col6": "20,5",
      "Área da \nSeção": "1133",
      "Distância do C. G à": "14,3",
      "col9": "25,7",
      "Inércia": "163396",
      "col11": "28,7",
      "Peso Pró-\nprio": "3,40",
      "Volume de \nConcreto": "0,136"
    },
    {
      "Altura \ndo \nMolde": "",
      "Espessura \nda Lâmina": "7,5",
      "Altura \nTotal": "42,5",
      "Largura da Nervura": "",
      "col5": "",
      "col6": "",
      "Área da \nSeção": "1340",
      "Distância do C. G à": "14,4",
      "col9": "28,1",
      "Inércia": "205743",
      "col11": "31,0",
      "Peso Pró-\nprio": "4,03",
      "Volume de \nConcreto": "0,161"
    },
    {
      "Altura \ndo \nMolde": "",
      "Espessura \nda Lâmina": "10,0",
      "Altura \nTotal": "45,0",
      "Largura da Nervura": "",
      "col5": "",
      "col6": "",
      "Área da \nSeção": "1548",
      "Distância do C. G à": "14,8",
      "col9": "30,2",
      "Inércia": "249670",
      "col11": "33,1",
      "Peso Pró-\nprio": "4,65",
      "Volume de \nConcreto": "0,186"
    },
    {
      "Altura \ndo \nMolde": "40,0",
      "Espessura \nda Lâmina": "5,0",
      "Altura \nTotal": "45,0",
      "Largura da Nervura": "15,5",
      "col5": "28,8",
      "col6": "22,1",
      "Área da \nSeção": "1301",
      "Distância do C. G à": "16,5",
      "col9": "28,5",
      "Inércia": "234203",
      "col11": "32,4",
      "Peso Pró-\nprio": "3,93",
      "Volume de \nConcreto": "0,157"
    },
    {
      "Altura \ndo \nMolde": "",
      "Espessura \nda Lâmina": "7,5",
      "Altura \nTotal": "47,5",
      "Largura da Nervura": "",
      "col5": "",
      "col6": "",
      "Área da \nSeção": "1509",
      "Distância do C. G à": "16,5",
      "col9": "31,0",
      "Inércia": "290438",
      "col11": "34,8",
      "Peso Pró-\nprio": "4,55",
      "Volume de \nConcreto": "0,182"
    },
    {
      "Altura \ndo \nMolde": "",
      "Espessura \nda Lâmina": "10,0",
      "Altura \nTotal": "50,0",
      "Largura da Nervura": "",
      "col5": "",
      "col6": "",
      "Área da \nSeção": "1716",
      "Distância do C. G à": "16,9",
      "col9": "33,1",
      "Inércia": "348170",
      "col11": "36,9",
      "Peso Pró-\nprio": "5,18",
      "Volume de \nConcreto": "0,207"
    },
    {
      "Altura \ndo \nMolde": "50,0",
      "Espessura \nda Lâmina": "5,0",
      "Altura \nTotal": "55,0",
      "Largura da Nervura": "15,5",
      "col5": "34,8",
      "col6": "25,2",
      "Área da \nSeção": "1673",
      "Distância do C. G à": "20,8",
      "col9": "34,2",
      "Inércia": "434273",
      "col11": "39,7",
      "Peso Pró-\nprio": "5,05",
      "Volume de \nConcreto": "0,202"
    },
    {
      "Altura \ndo \nMolde": "",
      "Espessura \nda Lâmina": "7,5",
      "Altura \nTotal": "57,5",
      "Largura da Nervura": "",
      "col5": "",
      "col6": "",
      "Área da \nSeção": "1880",
      "Distância do C. G à": "20,8",
      "col9": "36,7",
      "Inércia": "523908",
      "col11": "42,3",
      "Peso Pró-\nprio": "5,68",
      "Volume de \nConcreto": "0,227"
    },
    {
      "Altura \ndo \nMolde": "",
      "Espessura \nda Lâmina": "10,0",
      "Altura \nTotal": "60,0",
      "Largura da Nervura": "",
      "col5": "",
      "col6": "",
      "Área da \nSeção": "2088",
      "Distância do C. G à": "21,2",
      "col9": "38,9",
      "Inércia": "615218",
      "col11": "44,6",
      "Peso Pró-\nprio": "6,30",
      "Volume de \nConcreto": "0,252"
    },
    {
      "Altura \ndo \nMolde": "d1",
      "Espessura \nda Lâmina": "ds",
      "Altura \nTotal": "D",
      "Largura da Nervura": "bi",
      "col5": "bs",
      "col6": "br",
      "Área da \nSeção": "A",
      "Distância do C. G à": "rs",
      "col9": "ri",
      "Inércia": "I",
      "col11": "heq",
      "Peso Pró-\nprio": "Concreto 25 kN/m³",
      "Volume de \nConcreto": ""
    },
    {
      "Concreto": "Sistema\nCabetex\nRégua\nde 3 cm"
    }
  ]
}